run_id,vendor,model,form_factor,standards_claimed,wavelength_band,channel_spacing_ghz,connector_type,fiber_type,temp_min_c,temp_max_c,frame,standards_format,tx_in_band_osnr_db,tx_out_of_band_osnr_db,pre_fec_ber_threshold,los_assert_dbm,notes,provenance_datasheet_sections,label,power_consumption_w,host_interface_name,media_interface_name,media_interface_id_hex,media_interface_id,bit_rate_gbps,modulation_formats,reach_km,tx_power_min_dbm,tx_power_max_dbm,rx_sensitivity_dbm,rx_osnr_db,rx_osnr_tolerance_db_max,rx_overload_dbm,cd_tolerance_ps_nm,fec_types,frequency_min_thz,frequency_max_thz,baud_rate_gbaud,pmd_tolerance_ps,standards_code,wavelength_min_nm,wavelength_max_nm,wavelength_center_nm,channel_total,extinction_ratio_db,los_deassert_dbm,host_interface_id_hex,modulation_format,fec_type,pdl_db
20260807_123953,Smartoptics,SO-TQSFPDD4CCZRP,"[""QSFP-DD""]","[""OIF 400ZR"", ""OpenZR+"", ""CMIS4.1""]","[""DWDM""]",[100.0],"[""LC""]","[""SM""]",15.0,75.0,"[""1x 400GAUI-8"", ""4x 100GAUI-2"", ""3x 100GAUI-2"", ""2x 100GAUI-2"", ""1x 100GAUI-2"", ""2 x CAUI4"", ""1 x CAUI4""]","[""OIF 400ZR"", ""OpenZR+ MSA"", ""CMIS4.1""]",[42.0],[42.0],[0.0125],-28.0,Operating temperature +15°C to +75°C. The module will turn up from cold start at ambient temperature as low as -5°C and will reach specifications after self-heating up to min temperature.,"[""OVERVIEW"", ""TECHNICAL DATA"", ""GENERIC"", ""OIF 400ZR"", ""OpenZR+""]",OIF 400ZR App 1 (80km),23.1,400GBASE-R,OIF 400ZR,0x01,1,400.0,DP-16QAM,80.0,-10.0,-6.0,-20.0,23.9,26.0,13.0,2400.0,CFEC,,,,,,,,,,,,,,,
20260807_123953,Smartoptics,SO-TQSFPDD4CCZRP,"[""QSFP-DD""]","[""OIF 400ZR"", ""OpenZR+"", ""CMIS4.1""]","[""DWDM""]",[100.0],"[""LC""]","[""SM""]",15.0,75.0,"[""1x 400GAUI-8"", ""4x 100GAUI-2"", ""3x 100GAUI-2"", ""2x 100GAUI-2"", ""1x 100GAUI-2"", ""2 x CAUI4"", ""1 x CAUI4""]","[""OIF 400ZR"", ""OpenZR+ MSA"", ""CMIS4.1""]",[42.0],[42.0],[0.0125],-28.0,Operating temperature +15°C to +75°C. The module will turn up from cold start at ambient temperature as low as -5°C and will reach specifications after self-heating up to min temperature.,"[""OVERVIEW"", ""TECHNICAL DATA"", ""GENERIC"", ""OIF 400ZR"", ""OpenZR+""]",OIF 400ZR App 2 (25km),23.1,400GBASE-R,OIF 400ZR,0x02,2,400.0,DP-16QAM,25.0,-10.0,-6.0,-20.0,23.9,26.0,13.0,2400.0,CFEC,,,,,,,,,,,,,,,
20260807_123953,Smartoptics,SO-TQSFPDD4CCZRP,"[""QSFP-DD""]","[""OIF 400ZR"", ""OpenZR+"", ""CMIS4.1""]","[""DWDM""]",[100.0],"[""LC""]","[""SM""]",15.0,75.0,"[""1x 400GAUI-8"", ""4x 100GAUI-2"", ""3x 100GAUI-2"", ""2x 100GAUI-2"", ""1x 100GAUI-2"", ""2 x CAUI4"", ""1 x CAUI4""]","[""OIF 400ZR"", ""OpenZR+ MSA"", ""CMIS4.1""]",[42.0],[42.0],[0.0125],-28.0,Operating temperature +15°C to +75°C. The module will turn up from cold start at ambient temperature as low as -5°C and will reach specifications after self-heating up to min temperature.,"[""OVERVIEW"", ""TECHNICAL DATA"", ""GENERIC"", ""OIF 400ZR"", ""OpenZR+""]",OIF 400ZR App 3 (80km 4x100G),23.1,4 × 100GBASE-R,OIF 400ZR,0x01,1,400.0,DP-16QAM,80.0,-10.0,-6.0,-20.0,23.9,26.0,13.0,2400.0,CFEC,,,,,,,,,,,,,,,
20260807_123953,Smartoptics,SO-TQSFPDD4CCZRP,"[""QSFP-DD""]","[""OIF 400ZR"", ""OpenZR+"", ""CMIS4.1""]","[""DWDM""]",[100.0],"[""LC""]","[""SM""]",15.0,75.0,"[""1x 400GAUI-8"", ""4x 100GAUI-2"", ""3x 100GAUI-2"", ""2x 100GAUI-2"", ""1x 100GAUI-2"", ""2 x CAUI4"", ""1 x CAUI4""]","[""OIF 400ZR"", ""OpenZR+ MSA"", ""CMIS4.1""]",[42.0],[42.0],[0.0125],-28.0,Operating temperature +15°C to +75°C. The module will turn up from cold start at ambient temperature as low as -5°C and will reach specifications after self-heating up to min temperature.,"[""OVERVIEW"", ""TECHNICAL DATA"", ""GENERIC"", ""OIF 400ZR"", ""OpenZR+""]",OpenZR+ App 4 (120km),23.1,400GBASE-R,OpenZR+ MSA,0x02,2,400.0,DP-16QAM,120.0,-10.0,-6.0,-20.0,23.9,26.0,13.0,13000.0,oFEC,,,,,,,,,,,,,,,
20260807_123953,Smartoptics,SO-TQSFPDD4CCZRP,"[""QSFP-DD""]","[""OIF 400ZR"", ""OpenZR+"", ""CMIS4.1""]","[""DWDM""]",[100.0],"[""LC""]","[""SM""]",15.0,75.0,"[""1x 400GAUI-8"", ""4x 100GAUI-2"", ""3x 100GAUI-2"", ""2x 100GAUI-2"", ""1x 100GAUI-2"", ""2 x CAUI4"", ""1 x CAUI4""]","[""OIF 400ZR"", ""OpenZR+ MSA"", ""CMIS4.1""]",[42.0],[42.0],[0.0125],-28.0,Operating temperature +15°C to +75°C. The module will turn up from cold start at ambient temperature as low as -5°C and will reach specifications after self-heating up to min temperature.,"[""OVERVIEW"", ""TECHNICAL DATA"", ""GENERIC"", ""OIF 400ZR"", ""OpenZR+""]",OpenZR+ App 5 (450km),23.1,400GBASE-R,OpenZR+ MSA,0x02,2,400.0,DP-16QAM,450.0,-13.0,-9.0,-21.0,23.4,26.5,13.0,13000.0,oFEC,,,,,,,,,,,,,,,
20260807_123953,Smartoptics,SO-TQSFPDD4CCZRP,"[""QSFP-DD""]","[""OIF 400ZR"", ""OpenZR+"", ""CMIS4.1""]","[""DWDM""]",[100.0],"[""LC""]","[""SM""]",15.0,75.0,"[""1x 400GAUI-8"", ""4x 100GAUI-2"", ""3x 100GAUI-2"", ""2x 100GAUI-2"", ""1x 100GAUI-2"", ""2 x CAUI4"", ""1 x CAUI4""]","[""OIF 400ZR"", ""OpenZR+ MSA"", ""CMIS4.1""]",[42.0],[42.0],[0.0125],-28.0,Operating temperature +15°C to +75°C. The module will turn up from cold start at ambient temperature as low as -5°C and will reach specifications after self-heating up to min temperature.,"[""OVERVIEW"", ""TECHNICAL DATA"", ""GENERIC"", ""OIF 400ZR"", ""OpenZR+""]",OpenZR+ App 6 (450km 4x100G),23.1,4 × 100GBASE-R,OpenZR+ MSA,0x02,2,400.0,DP-16QAM,450.0,-13.0,-9.0,-21.0,23.4,26.5,13.0,13000.0,oFEC,,,,,,,,,,,,,,,
20260807_123953,Smartoptics,SO-TQSFPDD4CCZRP,"[""QSFP-DD""]","[""OIF 400ZR"", ""OpenZR+"", ""CMIS4.1""]","[""DWDM""]",[100.0],"[""LC""]","[""SM""]",15.0,75.0,"[""1x 400GAUI-8"", ""4x 100GAUI-2"", ""3x 100GAUI-2"", ""2x 100GAUI-2"", ""1x 100GAUI-2"", ""2 x CAUI4"", ""1 x CAUI4""]","[""OIF 400ZR"", ""OpenZR+ MSA"", ""CMIS4.1""]",[42.0],[42.0],[0.0125],-28.0,Operating temperature +15°C to +75°C. The module will turn up from cold start at ambient temperature as low as -5°C and will reach specifications after self-heating up to min temperature.,"[""OVERVIEW"", ""TECHNICAL DATA"", ""GENERIC"", ""OIF 400ZR"", ""OpenZR+""]",OpenZR+ App 7 (600km 300G),22.3,3 × 100GBASE-R,OpenZR+ MSA,0x02,2,300.0,DP-8QAM,600.0,-12.0,-8.0,-22.0,20.3,27.0,13.0,26000.0,oFEC,,,,,,,,,,,,,,,
20260807_123953,Smartoptics,SO-TQSFPDD4CCZRP,"[""QSFP-DD""]","[""OIF 400ZR"", ""OpenZR+"", ""CMIS4.1""]","[""DWDM""]",[100.0],"[""LC""]","[""SM""]",15.0,75.0,"[""1x 400GAUI-8"", ""4x 100GAUI-2"", ""3x 100GAUI-2"", ""2x 100GAUI-2"", ""1x 100GAUI-2"", ""2 x CAUI4"", ""1 x CAUI4""]","[""OIF 400ZR"", ""OpenZR+ MSA"", ""CMIS4.1""]",[42.0],[42.0],[0.0125],-28.0,Operating temperature +15°C to +75°C. The module will turn up from cold start at ambient temperature as low as -5°C and will reach specifications after self-heating up to min temperature.,"[""OVERVIEW"", ""TECHNICAL DATA"", ""GENERIC"", ""OIF 400ZR"", ""OpenZR+""]",OpenZR+ App 8 (450km Enhanced),23.1,400GBASE-R,OpenZR+ MSA,0x02,2,400.0,DP-16QAM,450.0,-13.0,-9.0,-21.0,23.1,26.5,13.0,13000.0,oFEC,,,,,,,,,,,,,,,
20260807_123953,Smartoptics,SO-TQSFPDD4CCZRP,"[""QSFP-DD""]","[""OIF 400ZR"", ""OpenZR+"", ""CMIS4.1""]","[""DWDM""]",[100.0],"[""LC""]","[""SM""]",15.0,75.0,"[""1x 400GAUI-8"", ""4x 100GAUI-2"", ""3x 100GAUI-2"", ""2x 100GAUI-2"", ""1x 100GAUI-2"", ""2 x CAUI4"", ""1 x CAUI4""]","[""OIF 400ZR"", ""OpenZR+ MSA"", ""CMIS4.1""]",[42.0],[42.0],[0.0125],-28.0,Operating temperature +15°C to +75°C. The module will turn up from cold start at ambient temperature as low as -5°C and will reach specifications after self-heating up to min temperature.,"[""OVERVIEW"", ""TECHNICAL DATA"", ""GENERIC"", ""OIF 400ZR"", ""OpenZR+""]",OpenZR+ App 9 (450km Enhanced 4x100G),23.1,4 × 100GBASE-R,OpenZR+ MSA,0x02,2,400.0,DP-16QAM,450.0,-13.0,-9.0,-21.0,23.1,26.5,13.0,13000.0,oFEC,,,,,,,,,,,,,,,
20260807_123953,Smartoptics,SO-TQSFPDD4CCZRP,"[""QSFP-DD""]","[""OIF 400ZR"", ""OpenZR+"", ""CMIS4.1""]","[""DWDM""]",[100.0],"[""LC""]","[""SM""]",15.0,75.0,"[""1x 400GAUI-8"", ""4x 100GAUI-2"", ""3x 100GAUI-2"", ""2x 100GAUI-2"", ""1x 100GAUI-2"", ""2 x CAUI4"", ""1 x CAUI4""]","[""OIF 400ZR"", ""OpenZR+ MSA"", ""CMIS4.1""]",[42.0],[42.0],[0.0125],-28.0,Operating temperature +15°C to +75°C. The module will turn up from cold start at ambient temperature as low as -5°C and will reach specifications after self-heating up to min temperature.,"[""OVERVIEW"", ""TECHNICAL DATA"", ""GENERIC"", ""OIF 400ZR"", ""OpenZR+""]",OpenZR+ App 10 (600km Enhanced 300G),22.3,3 × 100GBASE-R,OpenZR+ MSA,0x02,2,300.0,DP-8QAM,600.0,-12.0,-8.0,-23.0,19.5,27.0,13.0,26000.0,oFEC,,,,,,,,,,,,,,,
20260807_123953,Smartoptics,SO-TQSFPDD4CCZRP,"[""QSFP-DD""]","[""OIF 400ZR"", ""OpenZR+"", ""CMIS4.1""]","[""DWDM""]",[100.0],"[""LC""]","[""SM""]",15.0,75.0,"[""1x 400GAUI-8"", ""4x 100GAUI-2"", ""3x 100GAUI-2"", ""2x 100GAUI-2"", ""1x 100GAUI-2"", ""2 x CAUI4"", ""1 x CAUI4""]","[""OIF 400ZR"", ""OpenZR+ MSA"", ""CMIS4.1""]",[42.0],[42.0],[0.0125],-28.0,Operating temperature +15°C to +75°C. The module will turn up from cold start at ambient temperature as low as -5°C and will reach specifications after self-heating up to min temperature.,"[""OVERVIEW"", ""TECHNICAL DATA"", ""GENERIC"", ""OIF 400ZR"", ""OpenZR+""]",OpenZR+ App 11 (1000km 200G),21.3,2x 100GBASE-R,OpenZR+ MSA,0x02,2,200.0,DP-QPSK,1000.0,-10.5,-6.5,-29.0,15.0,27.0,13.0,50000.0,oFEC,,,,,,,,,,,,,,,
20260807_123953,Smartoptics,SO-TQSFPDD4CCZRP,"[""QSFP-DD""]","[""OIF 400ZR"", ""OpenZR+"", ""CMIS4.1""]","[""DWDM""]",[100.0],"[""LC""]","[""SM""]",15.0,75.0,"[""1x 400GAUI-8"", ""4x 100GAUI-2"", ""3x 100GAUI-2"", ""2x 100GAUI-2"", ""1x 100GAUI-2"", ""2 x CAUI4"", ""1 x CAUI4""]","[""OIF 400ZR"", ""OpenZR+ MSA"", ""CMIS4.1""]",[42.0],[42.0],[0.0125],-28.0,Operating temperature +15°C to +75°C. The module will turn up from cold start at ambient temperature as low as -5°C and will reach specifications after self-heating up to min temperature.,"[""OVERVIEW"", ""TECHNICAL DATA"", ""GENERIC"", ""OIF 400ZR"", ""OpenZR+""]",OpenZR+ App 12 (1000km 200G CAUI4),21.3,2x 100GBASE-R,OpenZR+ MSA,0x02,2,200.0,DP-QPSK,1000.0,-10.5,-6.5,-29.0,15.0,27.0,13.0,50000.0,oFEC,,,,,,,,,,,,,,,
20260807_123953,Smartoptics,SO-TQSFPDD4CCZRP,"[""QSFP-DD""]","[""OIF 400ZR"", ""OpenZR+"", ""CMIS4.1""]","[""DWDM""]",[100.0],"[""LC""]","[""SM""]",15.0,75.0,"[""1x 400GAUI-8"", ""4x 100GAUI-2"", ""3x 100GAUI-2"", ""2x 100GAUI-2"", ""1x 100GAUI-2"", ""2 x CAUI4"", ""1 x CAUI4""]","[""OIF 400ZR"", ""OpenZR+ MSA"", ""CMIS4.1""]",[42.0],[42.0],[0.0125],-28.0,Operating temperature +15°C to +75°C. The module will turn up from cold start at ambient temperature as low as -5°C and will reach specifications after self-heating up to min temperature.,"[""OVERVIEW"", ""TECHNICAL DATA"", ""GENERIC"", ""OIF 400ZR"", ""OpenZR+""]",OpenZR+ App 13 (2000km 100G),18.2,1x 100GBASE-R,OpenZR+ MSA,0x02,2,100.0,DP-QPSK,2000.0,-6.0,-2.0,-32.0,11.8,27.0,15.0,80000.0,oFEC,,,,,,,,,,,,,,,
20260807_123953,Smartoptics,SO-TQSFPDD4CCZRP,"[""QSFP-DD""]","[""OIF 400ZR"", ""OpenZR+"", ""CMIS4.1""]","[""DWDM""]",[100.0],"[""LC""]","[""SM""]",15.0,75.0,"[""1x 400GAUI-8"", ""4x 100GAUI-2"", ""3x 100GAUI-2"", ""2x 100GAUI-2"", ""1x 100GAUI-2"", ""2 x CAUI4"", ""1 x CAUI4""]","[""OIF 400ZR"", ""OpenZR+ MSA"", ""CMIS4.1""]",[42.0],[42.0],[0.0125],-28.0,Operating temperature +15°C to +75°C. The module will turn up from cold start at ambient temperature as low as -5°C and will reach specifications after self-heating up to min temperature.,"[""OVERVIEW"", ""TECHNICAL DATA"", ""GENERIC"", ""OIF 400ZR"", ""OpenZR+""]",OpenZR+ App 14 (2000km 100G CAUI4),18.2,1x 100GBASE-R,OpenZR+ MSA,0x02,2,100.0,DP-QPSK,2000.0,-6.0,-2.0,-32.0,11.8,27.0,15.0,80000.0,oFEC,,,,,,,,,,,,,,,
20260807_141342,Smartoptics,TQD017-TUNC-SO,"[""QSFP-DD""]","[""OpenROADM"", ""CMIS5.0"", ""QSFP-DD MSA's""]","[""DWDM""]",[100.0],"[""LC""]","[""SM""]",15.0,75.0,4x 100GAUI-2,OpenROADM 5.0,[38.0],[42.0],,-28.0,"The module will turn up from cold start at ambient temperature as low as -5C and will reach specifications after self-heating up to min temperature. The module transmit power can be provisioned up to the maximum available TX power. If the TX power is not provisioned by the host, the module TX power will default to the maximum available power, which can be any power level in the specified 10dB range. Set to comply with 400G modes. Can be changed on individual modules to fully support other modes. Minimum Tx power without attenuation. The module Tx power can be attenuated with 10dB from the maximum available Tx power. If the Tx power is not provisioned by the host, the module Tx power will default to the maximum available power. Maximum provisionable CD search range. Increasing the search range will increase the power consumption of the transceiver.","[""OVERVIEW – TQD017-TUNC-SO"", ""TECHNICAL DATA"", ""GENERIC"", ""OPTICAL SPECIFICATION - APPLICATION CODES"", ""ORDERING INFORMATION"", ""GENERAL DEFINITIONS""]",4x100G DP-16QAM 63.1G,24.7,4x100GBASE-R,OpenROADM 5.0,,,400.0,DP-16QAM,,1.0,,-20.0,23.5,25.0,13.0,12000.0,oFEC,[191.3],[196.1],63.1,,,,,,,,,,,,
20260807_141342,Smartoptics,TQD017-TUNC-SO,"[""QSFP-DD""]","[""OpenROADM"", ""CMIS5.0"", ""QSFP-DD MSA's""]","[""DWDM""]",[100.0],"[""LC""]","[""SM""]",15.0,75.0,3x 100GAUI-2,OpenROADM 5.0,[38.0],[42.0],,-28.0,"The module will turn up from cold start at ambient temperature as low as -5C and will reach specifications after self-heating up to min temperature. The module transmit power can be provisioned up to the maximum available TX power. If the TX power is not provisioned by the host, the module TX power will default to the maximum available power, which can be any power level in the specified 10dB range. Set to comply with 400G modes. Can be changed on individual modules to fully support other modes. Minimum Tx power without attenuation. The module Tx power can be attenuated with 10dB from the maximum available Tx power. If the Tx power is not provisioned by the host, the module Tx power will default to the maximum available power. Maximum provisionable CD search range. Increasing the search range will increase the power consumption of the transceiver.","[""OVERVIEW – TQD017-TUNC-SO"", ""TECHNICAL DATA"", ""GENERIC"", ""OPTICAL SPECIFICATION - APPLICATION CODES"", ""ORDERING INFORMATION"", ""GENERAL DEFINITIONS""]",3x100G DP-8QAM 63.1G,24.1,3x100GBASE-R,OpenROADM 5.0,,,300.0,DP-8QAM,,1.0,,-23.0,20.5,21.5,13.0,48000.0,oFEC,[191.3],[196.1],63.1,,,,,,,,,,,,
20260807_141342,Smartoptics,TQD017-TUNC-SO,"[""QSFP-DD""]","[""OpenROADM"", ""CMIS5.0"", ""QSFP-DD MSA's""]","[""DWDM""]",[100.0],"[""LC""]","[""SM""]",15.0,75.0,2x 100GAUI-2,OpenROADM 5.0,[38.0],[42.0],,-28.0,"The module will turn up from cold start at ambient temperature as low as -5C and will reach specifications after self-heating up to min temperature. The module transmit power can be provisioned up to the maximum available TX power. If the TX power is not provisioned by the host, the module TX power will default to the maximum available power, which can be any power level in the specified 10dB range. Set to comply with 400G modes. Can be changed on individual modules to fully support other modes. Minimum Tx power without attenuation. The module Tx power can be attenuated with 10dB from the maximum available Tx power. If the Tx power is not provisioned by the host, the module Tx power will default to the maximum available power. Maximum provisionable CD search range. Increasing the search range will increase the power consumption of the transceiver.","[""OVERVIEW – TQD017-TUNC-SO"", ""TECHNICAL DATA"", ""GENERIC"", ""OPTICAL SPECIFICATION - APPLICATION CODES"", ""ORDERING INFORMATION"", ""GENERAL DEFINITIONS""]",2x100G DP-QPSK 63.1G,22.6,2x100GBASE-R,OpenROADM 5.0,,,200.0,DP-QPSK,,1.0,,-28.0,14.8,15.8,13.0,48000.0,oFEC,[191.3],[196.1],63.1,,,,,,,,,,,,
20260807_141342,Smartoptics,TQD017-TUNC-SO,"[""QSFP-DD""]","[""OpenROADM"", ""CMIS5.0"", ""QSFP-DD MSA's""]","[""DWDM""]",[100.0],"[""LC""]","[""SM""]",15.0,75.0,2x 100GAUI-2,OpenROADM 5.0,[38.0],[42.0],,-28.0,"The module will turn up from cold start at ambient temperature as low as -5C and will reach specifications after self-heating up to min temperature. The module transmit power can be provisioned up to the maximum available TX power. If the TX power is not provisioned by the host, the module TX power will default to the maximum available power, which can be any power level in the specified 10dB range. Set to comply with 400G modes. Can be changed on individual modules to fully support other modes. Minimum Tx power without attenuation. The module Tx power can be attenuated with 10dB from the maximum available Tx power. If the Tx power is not provisioned by the host, the module Tx power will default to the maximum available power. Maximum provisionable CD search range. Increasing the search range will increase the power consumption of the transceiver.","[""OVERVIEW – TQD017-TUNC-SO"", ""TECHNICAL DATA"", ""GENERIC"", ""OPTICAL SPECIFICATION - APPLICATION CODES"", ""ORDERING INFORMATION"", ""GENERAL DEFINITIONS""]",2x100G DP-16QAM 31.6G,22.6,2x100GBASE-R,OpenROADM 5.0,,,200.0,DP-16QAM,,1.0,,-23.0,20.5,21.5,13.0,30000.0,oFEC,[191.3],[196.1],31.6,,,,,,,,,,,,
20260807_141342,Smartoptics,TQD017-TUNC-SO,"[""QSFP-DD""]","[""OpenROADM"", ""CMIS5.0"", ""QSFP-DD MSA's""]","[""DWDM""]",[100.0],"[""LC""]","[""SM""]",15.0,75.0,100GAUI-2,OpenROADM 5.0,[38.0],[42.0],,-28.0,"The module will turn up from cold start at ambient temperature as low as -5C and will reach specifications after self-heating up to min temperature. The module transmit power can be provisioned up to the maximum available TX power. If the TX power is not provisioned by the host, the module TX power will default to the maximum available power, which can be any power level in the specified 10dB range. Set to comply with 400G modes. Can be changed on individual modules to fully support other modes. Minimum Tx power without attenuation. The module Tx power can be attenuated with 10dB from the maximum available Tx power. If the Tx power is not provisioned by the host, the module Tx power will default to the maximum available power. Maximum provisionable CD search range. Increasing the search range will increase the power consumption of the transceiver.","[""OVERVIEW – TQD017-TUNC-SO"", ""TECHNICAL DATA"", ""GENERIC"", ""OPTICAL SPECIFICATION - APPLICATION CODES"", ""ORDERING INFORMATION"", ""GENERAL DEFINITIONS""]",1x100G DP-QPSK 31.6G,19.6,100GBASE-R,OpenROADM 5.0,,,100.0,DP-QPSK,,1.0,,-32.0,11.8,12.8,13.0,77000.0,oFEC,[191.3],[196.1],31.6,,,,,,,,,,,,
20260807_141342,Smartoptics,TQD017-TUNC-SO,"[""QSFP-DD""]","[""OpenROADM"", ""CMIS5.0"", ""QSFP-DD MSA's""]","[""DWDM""]",[100.0],"[""LC""]","[""SM""]",15.0,75.0,1x 400GAUI-8,OpenROADM 5.0,[38.0],[42.0],,-28.0,"The module will turn up from cold start at ambient temperature as low as -5C and will reach specifications after self-heating up to min temperature. The module transmit power can be provisioned up to the maximum available TX power. If the TX power is not provisioned by the host, the module TX power will default to the maximum available power, which can be any power level in the specified 10dB range. Set to comply with 400G modes. Can be changed on individual modules to fully support other modes. Minimum Tx power without attenuation. The module Tx power can be attenuated with 10dB from the maximum available Tx power. If the Tx power is not provisioned by the host, the module Tx power will default to the maximum available power. Maximum provisionable CD search range. Increasing the search range will increase the power consumption of the transceiver.","[""OVERVIEW – TQD017-TUNC-SO"", ""TECHNICAL DATA"", ""GENERIC"", ""OPTICAL SPECIFICATION - APPLICATION CODES"", ""ORDERING INFORMATION"", ""GENERAL DEFINITIONS""]",400G DP-16QAM 63.1G,24.7,400GBASE-R,OpenROADM 5.0,,,400.0,DP-16QAM,,1.0,,-20.0,23.5,25.0,13.0,12000.0,oFEC,[191.3],[196.1],63.1,,,,,,,,,,,,
20260807_141342,Smartoptics,TQD017-TUNC-SO,"[""QSFP-DD""]","[""OpenROADM"", ""CMIS5.0"", ""QSFP-DD MSA's""]","[""DWDM""]",[100.0],"[""LC""]","[""SM""]",15.0,75.0,200GAUI-4,OpenROADM 5.0,[38.0],[42.0],,-28.0,"The module will turn up from cold start at ambient temperature as low as -5C and will reach specifications after self-heating up to min temperature. The module transmit power can be provisioned up to the maximum available TX power. If the TX power is not provisioned by the host, the module TX power will default to the maximum available power, which can be any power level in the specified 10dB range. Set to comply with 400G modes. Can be changed on individual modules to fully support other modes. Minimum Tx power without attenuation. The module Tx power can be attenuated with 10dB from the maximum available Tx power. If the Tx power is not provisioned by the host, the module Tx power will default to the maximum available power. Maximum provisionable CD search range. Increasing the search range will increase the power consumption of the transceiver.","[""OVERVIEW – TQD017-TUNC-SO"", ""TECHNICAL DATA"", ""GENERIC"", ""OPTICAL SPECIFICATION - APPLICATION CODES"", ""ORDERING INFORMATION"", ""GENERAL DEFINITIONS""]",200G DP-QPSK 63.1G,22.6,200GBASE-R,OpenROADM 5.0,,,200.0,DP-QPSK,,1.0,,-28.0,14.8,15.8,13.0,48000.0,oFEC,[191.3],[196.1],63.1,,,,,,,,,,,,
20260807_141342,Smartoptics,TQD017-TUNC-SO,"[""QSFP-DD""]","[""OpenROADM"", ""CMIS5.0"", ""QSFP-DD MSA's""]","[""DWDM""]",[100.0],"[""LC""]","[""SM""]",15.0,75.0,200GAUI-4,OpenROADM 5.0,[38.0],[42.0],,-28.0,"The module will turn up from cold start at ambient temperature as low as -5C and will reach specifications after self-heating up to min temperature. The module transmit power can be provisioned up to the maximum available TX power. If the TX power is not provisioned by the host, the module TX power will default to the maximum available power, which can be any power level in the specified 10dB range. Set to comply with 400G modes. Can be changed on individual modules to fully support other modes. Minimum Tx power without attenuation. The module Tx power can be attenuated with 10dB from the maximum available Tx power. If the Tx power is not provisioned by the host, the module Tx power will default to the maximum available power. Maximum provisionable CD search range. Increasing the search range will increase the power consumption of the transceiver.","[""OVERVIEW – TQD017-TUNC-SO"", ""TECHNICAL DATA"", ""GENERIC"", ""OPTICAL SPECIFICATION - APPLICATION CODES"", ""ORDERING INFORMATION"", ""GENERAL DEFINITIONS""]",200G DP-16QAM 31.6G,22.6,200GBASE-R,OpenROADM 5.0,,,200.0,DP-16QAM,,1.0,,-23.0,20.5,21.5,13.0,30000.0,oFEC,[191.3],[196.1],31.6,,,,,,,,,,,,
20260807_141342,Smartoptics,TQD017-TUNC-SO,"[""QSFP-DD""]","[""OpenROADM"", ""CMIS5.0"", ""QSFP-DD MSA's""]","[""DWDM""]",[100.0],"[""LC""]","[""SM""]",15.0,75.0,CAUI-4 w/o FEC,OpenROADM 5.0,[38.0],[42.0],,-28.0,"The module will turn up from cold start at ambient temperature as low as -5C and will reach specifications after self-heating up to min temperature. The module transmit power can be provisioned up to the maximum available TX power. If the TX power is not provisioned by the host, the module TX power will default to the maximum available power, which can be any power level in the specified 10dB range. Set to comply with 400G modes. Can be changed on individual modules to fully support other modes. Minimum Tx power without attenuation. The module Tx power can be attenuated with 10dB from the maximum available Tx power. If the Tx power is not provisioned by the host, the module Tx power will default to the maximum available power. Maximum provisionable CD search range. Increasing the search range will increase the power consumption of the transceiver.","[""OVERVIEW – TQD017-TUNC-SO"", ""TECHNICAL DATA"", ""GENERIC"", ""OPTICAL SPECIFICATION - APPLICATION CODES"", ""ORDERING INFORMATION"", ""GENERAL DEFINITIONS""]",100G CAUI-4 w/o FEC DP-QPSK,19.6,100GBASE-R,OpenROADM 5.0,,,100.0,DP-QPSK,,1.0,,-32.0,11.8,12.8,13.0,77000.0,oFEC,[191.3],[196.1],31.6,,,,,,,,,,,,
20260807_141342,Smartoptics,TQD017-TUNC-SO,"[""QSFP-DD""]","[""OpenROADM"", ""CMIS5.0"", ""QSFP-DD MSA's""]","[""DWDM""]",[100.0],"[""LC""]","[""SM""]",15.0,75.0,CAUI-4 with FEC,OpenROADM 5.0,[38.0],[42.0],,-28.0,"The module will turn up from cold start at ambient temperature as low as -5C and will reach specifications after self-heating up to min temperature. The module transmit power can be provisioned up to the maximum available TX power. If the TX power is not provisioned by the host, the module TX power will default to the maximum available power, which can be any power level in the specified 10dB range. Set to comply with 400G modes. Can be changed on individual modules to fully support other modes. Minimum Tx power without attenuation. The module Tx power can be attenuated with 10dB from the maximum available Tx power. If the Tx power is not provisioned by the host, the module Tx power will default to the maximum available power. Maximum provisionable CD search range. Increasing the search range will increase the power consumption of the transceiver.","[""OVERVIEW – TQD017-TUNC-SO"", ""TECHNICAL DATA"", ""GENERIC"", ""OPTICAL SPECIFICATION - APPLICATION CODES"", ""ORDERING INFORMATION"", ""GENERAL DEFINITIONS""]",100G CAUI-4 with FEC DP-QPSK,19.6,100GBASE-R,OpenROADM 5.0,,,100.0,DP-QPSK,,1.0,,-32.0,11.8,12.8,13.0,77000.0,oFEC,[191.3],[196.1],31.6,,,,,,,,,,,,
20260807_141342,Smartoptics,TQD017-TUNC-SO,"[""QSFP-DD""]","[""OpenROADM"", ""CMIS5.0"", ""QSFP-DD MSA's""]","[""DWDM""]",[100.0],"[""LC""]","[""SM""]",15.0,75.0,CAUI-4 w/o FEC,OpenROADM 2.0,[38.0],[42.0],,-28.0,"The module will turn up from cold start at ambient temperature as low as -5C and will reach specifications after self-heating up to min temperature. The module transmit power can be provisioned up to the maximum available TX power. If the TX power is not provisioned by the host, the module TX power will default to the maximum available power, which can be any power level in the specified 10dB range. Set to comply with 400G modes. Can be changed on individual modules to fully support other modes. Minimum Tx power without attenuation. The module Tx power can be attenuated with 10dB from the maximum available Tx power. If the Tx power is not provisioned by the host, the module Tx power will default to the maximum available power. Maximum provisionable CD search range. Increasing the search range will increase the power consumption of the transceiver.","[""OVERVIEW – TQD017-TUNC-SO"", ""TECHNICAL DATA"", ""GENERIC"", ""OPTICAL SPECIFICATION - APPLICATION CODES"", ""ORDERING INFORMATION"", ""GENERAL DEFINITIONS""]",100G CAUI-4 w/o FEC DP-DQPSK,19.6,100GBASE-R,OpenROADM 2.0,,,100.0,DP-DQPSK,,1.0,,-30.0,14.5,15.5,13.0,80000.0,SC-FEC,[191.3],[196.1],31.6,,,,,,,,,,,,
20260807_141342,Smartoptics,TQD017-TUNC-SO,"[""QSFP-DD""]","[""OpenROADM"", ""CMIS5.0"", ""QSFP-DD MSA's""]","[""DWDM""]",[100.0],"[""LC""]","[""SM""]",15.0,75.0,CAUI-4 with FEC,OpenROADM 2.0,[38.0],[42.0],,-28.0,"The module will turn up from cold start at ambient temperature as low as -5C and will reach specifications after self-heating up to min temperature. The module transmit power can be provisioned up to the maximum available TX power. If the TX power is not provisioned by the host, the module TX power will default to the maximum available power, which can be any power level in the specified 10dB range. Set to comply with 400G modes. Can be changed on individual modules to fully support other modes. Minimum Tx power without attenuation. The module Tx power can be attenuated with 10dB from the maximum available Tx power. If the Tx power is not provisioned by the host, the module Tx power will default to the maximum available power. Maximum provisionable CD search range. Increasing the search range will increase the power consumption of the transceiver.","[""OVERVIEW – TQD017-TUNC-SO"", ""TECHNICAL DATA"", ""GENERIC"", ""OPTICAL SPECIFICATION - APPLICATION CODES"", ""ORDERING INFORMATION"", ""GENERAL DEFINITIONS""]",100G CAUI-4 with FEC DP-DQPSK,19.6,100GBASE-R,OpenROADM 2.0,,,100.0,DP-DQPSK,,1.0,,-30.0,14.5,15.5,13.0,80000.0,SC-FEC,[191.3],[196.1],31.6,,,,,,,,,,,,
20260807_141342,Smartoptics,TQD017-TUNC-SO,"[""QSFP-DD""]","[""OpenROADM"", ""CMIS5.0"", ""QSFP-DD MSA's""]","[""DWDM""]",[100.0],"[""LC""]","[""SM""]",15.0,75.0,OTL4.4,OpenROADM 2.0,[38.0],[42.0],,-28.0,"The module will turn up from cold start at ambient temperature as low as -5C and will reach specifications after self-heating up to min temperature. The module transmit power can be provisioned up to the maximum available TX power. If the TX power is not provisioned by the host, the module TX power will default to the maximum available power, which can be any power level in the specified 10dB range. Set to comply with 400G modes. Can be changed on individual modules to fully support other modes. Minimum Tx power without attenuation. The module Tx power can be attenuated with 10dB from the maximum available Tx power. If the Tx power is not provisioned by the host, the module Tx power will default to the maximum available power. Maximum provisionable CD search range. Increasing the search range will increase the power consumption of the transceiver.","[""OVERVIEW – TQD017-TUNC-SO"", ""TECHNICAL DATA"", ""GENERIC"", ""OPTICAL SPECIFICATION - APPLICATION CODES"", ""ORDERING INFORMATION"", ""GENERAL DEFINITIONS""]",OTU4 DP-DQPSK,19.6,OTU4,OpenROADM 2.0,,,100.0,DP-DQPSK,,1.0,,-30.0,14.5,15.5,13.0,80000.0,SC-FEC,[191.3],[196.1],31.6,,,,,,,,,,,,
20260810_153827,Smartoptics,SO-TQSFP-DD-4CC-ZR,"[""QSFP-DD""]","[""OIF 400ZR"", ""IEEE 802.3bs"", ""CMIS4.0"", ""QSFP-DD MSA""]","[""C-band""]",[100.0],"[""LC""]","[""SM""]",0.0,70.0,,,,,[0.0125],-28.0,"Receiver sensitivity values depend on configuration (-20.0 dBm for unamplified, -12.0 dBm for amplified/OSNR performance). LOS assert threshold set to comply with 400G modes but configurable. 75 GHz grid is optional. Power consumption < 20 W. PMD tolerance specified with <0.5 dB penalty to OSNR sensitivity.","[""OVERVIEW"", ""TECHNICAL DATA""]",Amplified (OIF 400G-ZR),[20.0],"[""400GAUI-8""]",OIF 400G-ZR,,,[400.0],"[""16QAM""]",[120.0],[-10.0],[-6.0],-12.0,,[26.0],[0.0],[2400.0],"[""CFEC""]",[191.28],[196.12],[60.0],[10.0],0x01,,,,,,,,,,
20260810_153827,Smartoptics,SO-TQSFP-DD-4CC-ZR,"[""QSFP-DD""]","[""OIF 400ZR"", ""IEEE 802.3bs"", ""CMIS4.0"", ""QSFP-DD MSA""]","[""C-band""]",[100.0],"[""LC""]","[""SM""]",0.0,70.0,,,,,[0.0125],-28.0,"Receiver sensitivity values depend on configuration (-20.0 dBm for unamplified, -12.0 dBm for amplified/OSNR performance). LOS assert threshold set to comply with 400G modes but configurable. 75 GHz grid is optional. Power consumption < 20 W. PMD tolerance specified with <0.5 dB penalty to OSNR sensitivity.","[""OVERVIEW"", ""TECHNICAL DATA""]",Unamplified (400GBASE-ZR),[20.0],"[""400GAUI-8""]",400GBASE-ZR,,,[400.0],"[""16QAM""]",[120.0],[-10.0],[-6.0],-20.0,,[26.0],[0.0],[2400.0],"[""CFEC""]",[191.28],[196.12],[60.0],[10.0],0x02,,,,,,,,,,
20260810_163700,Smartoptics,TD8005-TUNC-SO,"[""QSFP-DD""]","[""OIF 800ZR MSA"", ""OpenROADM MSA"", ""CMIS5.3"", ""OSFP800 MSA""]","[""DWDM""]",150.0,"[""LC""]","[""SM""]",15.0,75.0,800ZR,,[37.0],,,,Operating temperature +15°C to +75°C. Module turns up from cold start at -5°C and reaches specs after self-heating. Tx power provisionable up to max available with 10dB range. Absolute max Rx signal input power: +1dBm. Rx total input power: +15dBm.,"[""OVERVIEW"", ""TECHNICAL DATA"", ""GENERIC"", ""OPTICAL SPECIFICATION – NTWK/MEDIA CODES"", ""ELECTICAL CHARACTERISTICS"", ""ORDERING INFORMATION""]",800ZR (0x6E),28.0,"[""800GAUI-8"", ""400GAUI-4"", ""200GAUI-2"", ""100GAUI-1""]","[""800ZR Power class A""]",0x6E,,800.0,DP-16QAM,,[-2.0],,-18.5,26.4,27.4,[1.0],3000.0,,[191.25],[196.1],118.2,,"[""800ZR""]",,,,,,,,,,
20260810_163700,Smartoptics,TD8005-TUNC-SO,"[""QSFP-DD""]","[""OIF 800ZR MSA"", ""OpenROADM MSA"", ""CMIS5.3"", ""OSFP800 MSA""]","[""DWDM""]",150.0,"[""LC""]","[""SM""]",15.0,75.0,FlexO-6(e),,[37.0],,,,Operating temperature +15°C to +75°C. Module turns up from cold start at -5°C and reaches specs after self-heating. Tx power provisionable up to max available with 10dB range. Absolute max Rx signal input power: +1dBm. Rx total input power: +15dBm.,"[""OVERVIEW"", ""TECHNICAL DATA"", ""GENERIC"", ""OPTICAL SPECIFICATION – NTWK/MEDIA CODES"", ""ELECTICAL CHARACTERISTICS"", ""ORDERING INFORMATION""]",FlexO-6e-DPO-16QAM (0x6A),28.0,"[""200GAUI-2"", ""100GAUI-1""]","[""FLEXO-6e-DPO-16QAM"", ""FOIC6e-DPO""]",0x6A,,600.0,PCS-118,,[-2.0],,-23.5,22.8,23.8,[1.0],29000.0,,[191.25],[196.1],118.7,,"[""OpenROADM"", ""FLEXO-6e-DPO-16QAM"", ""FOIC6e-DPO""]",,,,,,,,,,
20260810_163700,Smartoptics,TD8005-TUNC-SO,"[""QSFP-DD""]","[""OIF 800ZR MSA"", ""OpenROADM MSA"", ""CMIS5.3"", ""OSFP800 MSA""]","[""DWDM""]",150.0,"[""LC""]","[""SM""]",15.0,75.0,FlexO-6(e),,[37.0],,,,Operating temperature +15°C to +75°C. Module turns up from cold start at -5°C and reaches specs after self-heating. Tx power provisionable up to max available with 10dB range. Absolute max Rx signal input power: +1dBm. Rx total input power: +15dBm.,"[""OVERVIEW"", ""TECHNICAL DATA"", ""GENERIC"", ""OPTICAL SPECIFICATION – NTWK/MEDIA CODES"", ""ELECTICAL CHARACTERISTICS"", ""ORDERING INFORMATION""]",600G-PCS-118 (0xF2),28.0,"[""200GAUI-2"", ""100GAUI-1""]","[""600G-PCS-118""]",0xF2,,600.0,PCS-118,,[-2.0],,-23.5,21.6,22.6,[1.0],29000.0,,[191.25],[196.1],118.5,,"[""600G-PCS-118""]",,,,,,,,,,
20260810_163700,Smartoptics,TD8005-TUNC-SO,"[""QSFP-DD""]","[""OIF 800ZR MSA"", ""OpenROADM MSA"", ""CMIS5.3"", ""OSFP800 MSA""]","[""DWDM""]",150.0,"[""LC""]","[""SM""]",15.0,75.0,FlexO-4(e),,[37.0],,,,Operating temperature +15°C to +75°C. Module turns up from cold start at -5°C and reaches specs after self-heating. Tx power provisionable up to max available with 10dB range. Absolute max Rx signal input power: +1dBm. Rx total input power: +15dBm.,"[""OVERVIEW"", ""TECHNICAL DATA"", ""GENERIC"", ""OPTICAL SPECIFICATION – NTWK/MEDIA CODES"", ""ELECTICAL CHARACTERISTICS"", ""ORDERING INFORMATION""]",FlexO-4e-DO-QPSK (0x64),25.0,"[""400GAUI-8"", ""400GAUI-4"", ""200GAUI-4"", ""200GAUI-2"", ""100GAUI-2"", ""100GAUI-1""]","[""FLEXO-4e-DO-QPSK"", ""FOIC4e.4-DO""]",0x64,,400.0,DP-QPSK,,[-2.0],,-27.0,17.9,18.9,[1.0],58000.0,,[191.25],[196.1],118.2,,"[""OpenROADM"", ""FLEXO-4e-DO-QPSK"", ""FOIC4e.4-DO""]",,,,,,,,,,
20260810_163700,Smartoptics,TD8005-TUNC-SO,"[""QSFP-DD""]","[""OIF 800ZR MSA"", ""OpenROADM MSA"", ""CMIS5.3"", ""OSFP800 MSA""]","[""DWDM""]",75.0,"[""LC""]","[""SM""]",15.0,75.0,OpenZR400,,[37.0],,,,Operating temperature +15°C to +75°C. Module turns up from cold start at -5°C and reaches specs after self-heating. Tx power provisionable up to max available with 10dB range. Absolute max Rx signal input power: +1dBm. Rx total input power: +15dBm.,"[""OVERVIEW"", ""TECHNICAL DATA"", ""GENERIC"", ""OPTICAL SPECIFICATION – NTWK/MEDIA CODES"", ""ELECTICAL CHARACTERISTICS"", ""ORDERING INFORMATION""]",ZR400-OFEC-16QAM-HB (0x36),22.5,"[""400GAUI-8"", ""400GAUI-4"", ""200GAUI-4"", ""200GAUI-2"", ""100GAUI-2"", ""100GAUI-1""]","[""ZR400-OFEC-16QAM-HB""]",0x36,,400.0,DP-16QAM,,[-2.0],,-22.5,23.1,24.1,[1.0],23000.0,,[191.25],[196.1],60.1,,"[""OpenZR+"", ""ZR400-OFEC-16QAM-HB""]",,,,,,,,,,
20260810_165202,Smartoptics,TQD013-TUNC-SO,"[""QSFP-DD""]","[""OIF 400ZR"", ""OpenZR+"", ""CMIS5.0""]","[""DWDM""]",[6.25],"[""LC""]","[""SM""]",15.0,75.0,1x 400GAUI-8,,[38.0],[42.0],,-28.0,"CMIS application codes 6, 7, 8 and 12 are not interoperable with the OpenZR+ MSA. These modes have been enhanced to increase the optical performance on the Media side. The module will turn up from cold start at ambient temperature as low as -5C and will reach specifications after self-heating up to min temperature. Increasing the CD range with 2x of default range will increase the power consumption by 0.6W. The module transmit power can be provisioned up to the maximum available TX power. If the TX power is not provisioned by the host, the module TX power will default to the maximum available power. The provisional Tx power range of the module is 10dB.","[""OVERVIEW"", ""TECHNICAL DATA"", ""GENERIC"", ""OPTICAL SPECIFICATION - APPLICATION CODES""]",App Code 1: 400G OIF 400ZR,23.1,400GAUI-8,OIF 400ZR,0x01,1,400.0,DP-16QAM,,[1.0],,-20.0,26.0,,13.0,4000.0,CFEC,[191.3],[196.1],59.8,,OIF 400ZR,,,,,,,,,,
20260810_165202,Smartoptics,TQD013-TUNC-SO,"[""QSFP-DD""]","[""OIF 400ZR"", ""OpenZR+"", ""CMIS5.0""]","[""DWDM""]",[6.25],"[""LC""]","[""SM""]",15.0,75.0,1x 400GAUI-8,,[38.0],[42.0],,-28.0,"CMIS application codes 6, 7, 8 and 12 are not interoperable with the OpenZR+ MSA. These modes have been enhanced to increase the optical performance on the Media side. The module will turn up from cold start at ambient temperature as low as -5C and will reach specifications after self-heating up to min temperature. Increasing the CD range with 2x of default range will increase the power consumption by 0.6W. The module transmit power can be provisioned up to the maximum available TX power. If the TX power is not provisioned by the host, the module TX power will default to the maximum available power. The provisional Tx power range of the module is 10dB.","[""OVERVIEW"", ""TECHNICAL DATA"", ""GENERIC"", ""OPTICAL SPECIFICATION - APPLICATION CODES""]",App Code 2: 400G OIF 400ZR,23.1,400GAUI-8,OIF 400ZR,0x02,2,400.0,DP-16QAM,,[1.0],,-20.0,26.0,,13.0,4000.0,CFEC,[191.3],[196.1],59.8,,OIF 400ZR,,,,,,,,,,
20260810_165202,Smartoptics,TQD013-TUNC-SO,"[""QSFP-DD""]","[""OIF 400ZR"", ""OpenZR+"", ""CMIS5.0""]","[""DWDM""]",[6.25],"[""LC""]","[""SM""]",15.0,75.0,1x 400GAUI-8,,[38.0],[42.0],,-28.0,"CMIS application codes 6, 7, 8 and 12 are not interoperable with the OpenZR+ MSA. These modes have been enhanced to increase the optical performance on the Media side. The module will turn up from cold start at ambient temperature as low as -5C and will reach specifications after self-heating up to min temperature. Increasing the CD range with 2x of default range will increase the power consumption by 0.6W. The module transmit power can be provisioned up to the maximum available TX power. If the TX power is not provisioned by the host, the module TX power will default to the maximum available power. The provisional Tx power range of the module is 10dB.","[""OVERVIEW"", ""TECHNICAL DATA"", ""GENERIC"", ""OPTICAL SPECIFICATION - APPLICATION CODES""]",App Code 3: 400G OpenZR+,23.1,400GAUI-8,OpenZR+ MSA,,3,400.0,DP-16QAM,,[1.0],,-21.0,23.4,,13.0,13000.0,oFEC,[191.3],[196.1],60.1,,OpenZR+,,,,,,,,,,
20260810_165202,Smartoptics,TQD013-TUNC-SO,"[""QSFP-DD""]","[""OIF 400ZR"", ""OpenZR+"", ""CMIS5.0""]","[""DWDM""]",[6.25],"[""LC""]","[""SM""]",15.0,75.0,2x 200GAUI-4,,[38.0],[42.0],,-28.0,"CMIS application codes 6, 7, 8 and 12 are not interoperable with the OpenZR+ MSA. These modes have been enhanced to increase the optical performance on the Media side. The module will turn up from cold start at ambient temperature as low as -5C and will reach specifications after self-heating up to min temperature. Increasing the CD range with 2x of default range will increase the power consumption by 0.6W. The module transmit power can be provisioned up to the maximum available TX power. If the TX power is not provisioned by the host, the module TX power will default to the maximum available power. The provisional Tx power range of the module is 10dB.","[""OVERVIEW"", ""TECHNICAL DATA"", ""GENERIC"", ""OPTICAL SPECIFICATION - APPLICATION CODES""]",App Code 4: 400G OpenZR+,23.1,200GAUI-4,OpenZR+ MSA,,4,400.0,DP-16QAM,,[1.0],,-21.0,23.4,,13.0,13000.0,oFEC,[191.3],[196.1],60.1,,OpenZR+,,,,,,,,,,
20260810_165202,Smartoptics,TQD013-TUNC-SO,"[""QSFP-DD""]","[""OIF 400ZR"", ""OpenZR+"", ""CMIS5.0""]","[""DWDM""]",[6.25],"[""LC""]","[""SM""]",15.0,75.0,4x 100GAUI-2,,[38.0],[42.0],,-28.0,"CMIS application codes 6, 7, 8 and 12 are not interoperable with the OpenZR+ MSA. These modes have been enhanced to increase the optical performance on the Media side. The module will turn up from cold start at ambient temperature as low as -5C and will reach specifications after self-heating up to min temperature. Increasing the CD range with 2x of default range will increase the power consumption by 0.6W. The module transmit power can be provisioned up to the maximum available TX power. If the TX power is not provisioned by the host, the module TX power will default to the maximum available power. The provisional Tx power range of the module is 10dB.","[""OVERVIEW"", ""TECHNICAL DATA"", ""GENERIC"", ""OPTICAL SPECIFICATION - APPLICATION CODES""]",App Code 5: 400G OpenZR+,23.1,100GAUI-2,OpenZR+ MSA,,5,400.0,DP-16QAM,,[1.0],,-21.0,23.4,,13.0,13000.0,oFEC,[191.3],[196.1],60.1,,OpenZR+,,,,,,,,,,
20260810_165202,Smartoptics,TQD013-TUNC-SO,"[""QSFP-DD""]","[""OIF 400ZR"", ""OpenZR+"", ""CMIS5.0""]","[""DWDM""]",[6.25],"[""LC""]","[""SM""]",15.0,75.0,1x 400GAUI-8,,[38.0],[42.0],,-28.0,"CMIS application codes 6, 7, 8 and 12 are not interoperable with the OpenZR+ MSA. These modes have been enhanced to increase the optical performance on the Media side. The module will turn up from cold start at ambient temperature as low as -5C and will reach specifications after self-heating up to min temperature. Increasing the CD range with 2x of default range will increase the power consumption by 0.6W. The module transmit power can be provisioned up to the maximum available TX power. If the TX power is not provisioned by the host, the module TX power will default to the maximum available power. The provisional Tx power range of the module is 10dB.","[""OVERVIEW"", ""TECHNICAL DATA"", ""GENERIC"", ""OPTICAL SPECIFICATION - APPLICATION CODES""]",App Code 6: 400G OpenZR+ Enhanced,23.1,400GAUI-8,"OpenZR+ MSA, Enhanced",,6,400.0,DP-16QAM,,[1.0],,-21.0,23.1,,13.0,13000.0,oFEC,[191.3],[196.1],60.1,,OpenZR+,,,,,,,,,,
20260810_165202,Smartoptics,TQD013-TUNC-SO,"[""QSFP-DD""]","[""OIF 400ZR"", ""OpenZR+"", ""CMIS5.0""]","[""DWDM""]",[6.25],"[""LC""]","[""SM""]",15.0,75.0,2x 200GAUI-4,,[38.0],[42.0],,-28.0,"CMIS application codes 6, 7, 8 and 12 are not interoperable with the OpenZR+ MSA. These modes have been enhanced to increase the optical performance on the Media side. The module will turn up from cold start at ambient temperature as low as -5C and will reach specifications after self-heating up to min temperature. Increasing the CD range with 2x of default range will increase the power consumption by 0.6W. The module transmit power can be provisioned up to the maximum available TX power. If the TX power is not provisioned by the host, the module TX power will default to the maximum available power. The provisional Tx power range of the module is 10dB.","[""OVERVIEW"", ""TECHNICAL DATA"", ""GENERIC"", ""OPTICAL SPECIFICATION - APPLICATION CODES""]",App Code 7: 400G OpenZR+ Enhanced,23.1,200GAUI-4,"OpenZR+ MSA, Enhanced",,7,400.0,DP-16QAM,,[1.0],,-21.0,23.1,,13.0,13000.0,oFEC,[191.3],[196.1],60.1,,OpenZR+,,,,,,,,,,
20260810_165202,Smartoptics,TQD013-TUNC-SO,"[""QSFP-DD""]","[""OIF 400ZR"", ""OpenZR+"", ""CMIS5.0""]","[""DWDM""]",[6.25],"[""LC""]","[""SM""]",15.0,75.0,4x 100GAUI-2,,[38.0],[42.0],,-28.0,"CMIS application codes 6, 7, 8 and 12 are not interoperable with the OpenZR+ MSA. These modes have been enhanced to increase the optical performance on the Media side. The module will turn up from cold start at ambient temperature as low as -5C and will reach specifications after self-heating up to min temperature. Increasing the CD range with 2x of default range will increase the power consumption by 0.6W. The module transmit power can be provisioned up to the maximum available TX power. If the TX power is not provisioned by the host, the module TX power will default to the maximum available power. The provisional Tx power range of the module is 10dB.","[""OVERVIEW"", ""TECHNICAL DATA"", ""GENERIC"", ""OPTICAL SPECIFICATION - APPLICATION CODES""]",App Code 8: 400G OpenZR+ Enhanced,23.1,100GAUI-2,"OpenZR+ MSA, Enhanced",,8,400.0,DP-16QAM,,[1.0],,-21.0,23.1,,13.0,13000.0,oFEC,[191.3],[196.1],60.1,,OpenZR+,,,,,,,,,,
20260810_165202,Smartoptics,TQD013-TUNC-SO,"[""QSFP-DD""]","[""OIF 400ZR"", ""OpenZR+"", ""CMIS5.0""]","[""DWDM""]",[6.25],"[""LC""]","[""SM""]",15.0,75.0,2x 100GAUI-2,,[38.0],[42.0],,-28.0,"CMIS application codes 6, 7, 8 and 12 are not interoperable with the OpenZR+ MSA. These modes have been enhanced to increase the optical performance on the Media side. The module will turn up from cold start at ambient temperature as low as -5C and will reach specifications after self-heating up to min temperature. Increasing the CD range with 2x of default range will increase the power consumption by 0.6W. The module transmit power can be provisioned up to the maximum available TX power. If the TX power is not provisioned by the host, the module TX power will default to the maximum available power. The provisional Tx power range of the module is 10dB.","[""OVERVIEW"", ""TECHNICAL DATA"", ""GENERIC"", ""OPTICAL SPECIFICATION - APPLICATION CODES""]",App Code 9: 200G OpenZR+,21.9,100GAUI-2,OpenZR+ MSA,,9,200.0,DP-QPSK,,[1.0],,-29.0,14.8,,13.0,50000.0,oFEC,[191.3],[196.1],60.1,,OpenZR+,,,,,,,,,,
20260810_165202,Smartoptics,TQD013-TUNC-SO,"[""QSFP-DD""]","[""OIF 400ZR"", ""OpenZR+"", ""CMIS5.0""]","[""DWDM""]",[6.25],"[""LC""]","[""SM""]",15.0,75.0,1x 100GAUI-2,,[38.0],[42.0],,-28.0,"CMIS application codes 6, 7, 8 and 12 are not interoperable with the OpenZR+ MSA. These modes have been enhanced to increase the optical performance on the Media side. The module will turn up from cold start at ambient temperature as low as -5C and will reach specifications after self-heating up to min temperature. Increasing the CD range with 2x of default range will increase the power consumption by 0.6W. The module transmit power can be provisioned up to the maximum available TX power. If the TX power is not provisioned by the host, the module TX power will default to the maximum available power. The provisional Tx power range of the module is 10dB.","[""OVERVIEW"", ""TECHNICAL DATA"", ""GENERIC"", ""OPTICAL SPECIFICATION - APPLICATION CODES""]",App Code 10: 100G OpenZR+,18.0,100GAUI-2,OpenZR+ MSA,,10,100.0,DP-QPSK,,[1.0],,-32.0,11.5,,13.0,80000.0,oFEC,[191.3],[196.1],30.1,,OpenZR+,,,,,,,,,,
20260810_165202,Smartoptics,TQD013-TUNC-SO,"[""QSFP-DD""]","[""OIF 400ZR"", ""OpenZR+"", ""CMIS5.0""]","[""DWDM""]",[6.25],"[""LC""]","[""SM""]",15.0,75.0,3x 100GAUI-2,,[38.0],[42.0],,-28.0,"CMIS application codes 6, 7, 8 and 12 are not interoperable with the OpenZR+ MSA. These modes have been enhanced to increase the optical performance on the Media side. The module will turn up from cold start at ambient temperature as low as -5C and will reach specifications after self-heating up to min temperature. Increasing the CD range with 2x of default range will increase the power consumption by 0.6W. The module transmit power can be provisioned up to the maximum available TX power. If the TX power is not provisioned by the host, the module TX power will default to the maximum available power. The provisional Tx power range of the module is 10dB.","[""OVERVIEW"", ""TECHNICAL DATA"", ""GENERIC"", ""OPTICAL SPECIFICATION - APPLICATION CODES""]",App Code 11: 300G OpenZR+,23.4,100GAUI-2,OpenZR+ MSA,,11,300.0,DP-8QAM,,[1.0],,-22.0,20.3,,13.0,50000.0,oFEC,[191.3],[196.1],60.1,,OpenZR+,,,,,,,,,,
20260810_165202,Smartoptics,TQD013-TUNC-SO,"[""QSFP-DD""]","[""OIF 400ZR"", ""OpenZR+"", ""CMIS5.0""]","[""DWDM""]",[6.25],"[""LC""]","[""SM""]",15.0,75.0,3x 100GAUI-2,,[38.0],[42.0],,-28.0,"CMIS application codes 6, 7, 8 and 12 are not interoperable with the OpenZR+ MSA. These modes have been enhanced to increase the optical performance on the Media side. The module will turn up from cold start at ambient temperature as low as -5C and will reach specifications after self-heating up to min temperature. Increasing the CD range with 2x of default range will increase the power consumption by 0.6W. The module transmit power can be provisioned up to the maximum available TX power. If the TX power is not provisioned by the host, the module TX power will default to the maximum available power. The provisional Tx power range of the module is 10dB.","[""OVERVIEW"", ""TECHNICAL DATA"", ""GENERIC"", ""OPTICAL SPECIFICATION - APPLICATION CODES""]",App Code 12: 300G OpenZR+ Enhanced,23.4,100GAUI-2,"OpenZR+ MSA, Enhanced",,12,300.0,DP-8QAM,,[1.0],,-23.0,19.5,,13.0,50000.0,oFEC,[191.3],[196.1],60.1,,OpenZR+,,,,,,,,,,
20260810_165202,Smartoptics,TQD013-TUNC-SO,"[""QSFP-DD""]","[""OIF 400ZR"", ""OpenZR+"", ""CMIS5.0""]","[""DWDM""]",[6.25],"[""LC""]","[""SM""]",15.0,75.0,4x 100GAUI-2,,[38.0],[42.0],,-28.0,"CMIS application codes 6, 7, 8 and 12 are not interoperable with the OpenZR+ MSA. These modes have been enhanced to increase the optical performance on the Media side. The module will turn up from cold start at ambient temperature as low as -5C and will reach specifications after self-heating up to min temperature. Increasing the CD range with 2x of default range will increase the power consumption by 0.6W. The module transmit power can be provisioned up to the maximum available TX power. If the TX power is not provisioned by the host, the module TX power will default to the maximum available power. The provisional Tx power range of the module is 10dB.","[""OVERVIEW"", ""TECHNICAL DATA"", ""GENERIC"", ""OPTICAL SPECIFICATION - APPLICATION CODES""]",App Code 13: 400G OIF 400ZR,23.1,100GAUI-2,OIF 400ZR,0x01,13,400.0,DP-16QAM,,[1.0],,-20.0,26.0,,13.0,4000.0,CFEC,[191.3],[196.1],59.8,,OIF 400ZR,,,,,,,,,,
20260810_165202,Smartoptics,TQD013-TUNC-SO,"[""QSFP-DD""]","[""OIF 400ZR"", ""OpenZR+"", ""CMIS5.0""]","[""DWDM""]",[6.25],"[""LC""]","[""SM""]",15.0,75.0,2x 100GAUI-2,,[38.0],[42.0],,-28.0,"CMIS application codes 6, 7, 8 and 12 are not interoperable with the OpenZR+ MSA. These modes have been enhanced to increase the optical performance on the Media side. The module will turn up from cold start at ambient temperature as low as -5C and will reach specifications after self-heating up to min temperature. Increasing the CD range with 2x of default range will increase the power consumption by 0.6W. The module transmit power can be provisioned up to the maximum available TX power. If the TX power is not provisioned by the host, the module TX power will default to the maximum available power. The provisional Tx power range of the module is 10dB.","[""OVERVIEW"", ""TECHNICAL DATA"", ""GENERIC"", ""OPTICAL SPECIFICATION - APPLICATION CODES""]",App Code 14: 200G OpenZR+ Enhanced,21.9,100GAUI-2,"OpenZR+ MSA, Enhanced",,14,200.0,DP-16QAM,,[1.0],,-24.0,19.3,,13.0,21000.0,oFEC,[191.3],[196.1],30.1,,OpenZR+,,,,,,,,,,
20260810_165202,Smartoptics,TQD013-TUNC-SO,"[""QSFP-DD""]","[""OIF 400ZR"", ""OpenZR+"", ""CMIS5.0""]","[""DWDM""]",[6.25],"[""LC""]","[""SM""]",15.0,75.0,1x CAUI-4,,[38.0],[42.0],,-28.0,"CMIS application codes 6, 7, 8 and 12 are not interoperable with the OpenZR+ MSA. These modes have been enhanced to increase the optical performance on the Media side. The module will turn up from cold start at ambient temperature as low as -5C and will reach specifications after self-heating up to min temperature. Increasing the CD range with 2x of default range will increase the power consumption by 0.6W. The module transmit power can be provisioned up to the maximum available TX power. If the TX power is not provisioned by the host, the module TX power will default to the maximum available power. The provisional Tx power range of the module is 10dB.","[""OVERVIEW"", ""TECHNICAL DATA"", ""GENERIC"", ""OPTICAL SPECIFICATION - APPLICATION CODES""]",App Code 15: 100G OpenZR+,18.0,CAUI-4,OpenZR+ MSA,,15,100.0,DP-QPSK,,[1.0],,-32.0,11.5,,13.0,80000.0,oFEC,[191.3],[196.1],30.1,,OpenZR+,,,,,,,,,,
20260810_171058,ProLabs,QSFP-100G-LR4-ARISTA-C,"[""QSFP28""]","[""SFF-8665"", ""100GBase-LR4"", ""100GBase Ethernet""]",,,"[""LC""]","[""SMF"", ""Single-mode Fiber""]",0.0,70.0,,,,,,-25.0,,"[""QSFP-100G-LR4-ARISTA-C"", ""Features"", ""Product Description"", ""Absolute Maximum Ratings"", ""Electrical Characteristics"", ""Optical Characteristics""]",100GBase-LR4,[3.5],QSFP28,"[""100GBase-LR4""]",,,100.0,,[10.0],[-4.3],[4.5],[-8.6],,,[4.5],,,,,,,"[""100GBase-LR4""]",[1294.53],[1310.19],"[1295.56, 1300.05, 1304.58, 1309.14]",4,4.0,-12.0,,,,
20260810_183943,Smartoptics,TQD029-TUNC-SO,"[""QSFP-DD""]","[""OpenZR+"", ""OpenROADM"", ""CMIS5.3"", ""QSFP-DD MSA's""]","[""DWDM""]",150.0,"[""LC""]","[""SM""]",15.0,75.0,FlexO-4(e),,[37.0],,,,Operating temperature +15°C to +75°C. Storage temperature -40°C to +85°C. Tx power provisionable up to max available with 10dB range. Rx absolute max input power +1dBm (signal) / 15dBm (total).,"[""OVERVIEW"", ""TECHNICAL DATA"", ""GENERIC"", ""OPTICAL SPECIFICATION – NTWK/MEDIA CODES"", ""ELECTICAL CHARACTERISTICS"", ""APPLICATION SELECT TABLE - NORMALIZED APPLICATION DESCRIPTORS"", ""ORDERING INFORMATION""]",FlexO-4e-DO-QPSK (0x64),24.0,400GAUI-8,FLEXO-4e-DO-QPSK,0x64,,[400.0],DP-QPSK,,[1.0],,-27.0,17.9,18.7,[1.0],58000.0,,[191.25],[196.1],118.2,,OpenROADM,,,,,,,0x11,,,
20260810_183943,Smartoptics,TQD029-TUNC-SO,"[""QSFP-DD""]","[""OpenZR+"", ""OpenROADM"", ""CMIS5.3"", ""QSFP-DD MSA's""]","[""DWDM""]",75.0,"[""LC""]","[""SM""]",15.0,75.0,FlexO-4(e),,[37.0],,,,Operating temperature +15°C to +75°C. Storage temperature -40°C to +85°C. Tx power provisionable up to max available with 10dB range. Rx absolute max input power +1dBm (signal) / 15dBm (total).,"[""OVERVIEW"", ""TECHNICAL DATA"", ""GENERIC"", ""OPTICAL SPECIFICATION – NTWK/MEDIA CODES"", ""ELECTICAL CHARACTERISTICS"", ""APPLICATION SELECT TABLE - NORMALIZED APPLICATION DESCRIPTORS"", ""ORDERING INFORMATION""]",FlexO-4e-MPCS066-OS (0xC0),23.5,400GAUI-8,FlexO-4e-MPCS066-OS,0xC0,,[400.0],PCS-66,,[1.0],,-24.5,21.2,22.0,[1.0],42000.0,,[191.25],[196.1],65.7,,OpenROADM,,,,,,,0x11,,,
20260810_183943,Smartoptics,TQD029-TUNC-SO,"[""QSFP-DD""]","[""OpenZR+"", ""OpenROADM"", ""CMIS5.3"", ""QSFP-DD MSA's""]","[""DWDM""]",87.5,"[""LC""]","[""SM""]",15.0,75.0,FlexO-4(e),,[37.0],,,,Operating temperature +15°C to +75°C. Storage temperature -40°C to +85°C. Tx power provisionable up to max available with 10dB range. Rx absolute max input power +1dBm (signal) / 15dBm (total).,"[""OVERVIEW"", ""TECHNICAL DATA"", ""GENERIC"", ""OPTICAL SPECIFICATION – NTWK/MEDIA CODES"", ""ELECTICAL CHARACTERISTICS"", ""APPLICATION SELECT TABLE - NORMALIZED APPLICATION DESCRIPTORS"", ""ORDERING INFORMATION""]",FlexO-4e-MPCS075-OS (0xC2),24.0,400GAUI-8,FlexO-4e-MPCS075-OS,0xC2,,[400.0],PCS-75,,[1.0],,-25.5,20.6,21.4,[1.0],37000.0,,[191.25],[196.1],75.0,,OpenROADM,,,,,,,0x11,,,
20260810_183943,Smartoptics,TQD029-TUNC-SO,"[""QSFP-DD""]","[""OpenZR+"", ""OpenROADM"", ""CMIS5.3"", ""QSFP-DD MSA's""]","[""DWDM""]",100.0,"[""LC""]","[""SM""]",15.0,75.0,FlexO-4(e),,[37.0],,,,Operating temperature +15°C to +75°C. Storage temperature -40°C to +85°C. Tx power provisionable up to max available with 10dB range. Rx absolute max input power +1dBm (signal) / 15dBm (total).,"[""OVERVIEW"", ""TECHNICAL DATA"", ""GENERIC"", ""OPTICAL SPECIFICATION – NTWK/MEDIA CODES"", ""ELECTICAL CHARACTERISTICS"", ""APPLICATION SELECT TABLE - NORMALIZED APPLICATION DESCRIPTORS"", ""ORDERING INFORMATION""]",FlexO-4e-MPCS087-OS (0xC9),24.0,400GAUI-8,FlexO-4e-MPCS087-OS,0xC9,,[400.0],PCS-87,,[1.0],,-25.5,19.5,20.3,[1.0],52000.0,,[191.25],[196.1],87.4,,OpenROADM,,,,,,,0x11,,,
20260810_183943,Smartoptics,TQD029-TUNC-SO,"[""QSFP-DD""]","[""OpenZR+"", ""OpenROADM"", ""CMIS5.3"", ""QSFP-DD MSA's""]","[""DWDM""]",112.5,"[""LC""]","[""SM""]",15.0,75.0,FlexO-4(e),,[37.0],,,,Operating temperature +15°C to +75°C. Storage temperature -40°C to +85°C. Tx power provisionable up to max available with 10dB range. Rx absolute max input power +1dBm (signal) / 15dBm (total).,"[""OVERVIEW"", ""TECHNICAL DATA"", ""GENERIC"", ""OPTICAL SPECIFICATION – NTWK/MEDIA CODES"", ""ELECTICAL CHARACTERISTICS"", ""APPLICATION SELECT TABLE - NORMALIZED APPLICATION DESCRIPTORS"", ""ORDERING INFORMATION""]",FlexO-4e-MPCS098-OS (0xD8),25.0,400GAUI-8,FlexO-4e-MPCS098-OS,0xD8,,[400.0],PCS-98,,[1.0],,-26.0,19.2,20.0,[1.0],35000.0,,[191.25],[196.1],97.9,,OpenROADM,,,,,,,0x11,,,
20260810_183943,Smartoptics,TQD029-TUNC-SO,"[""QSFP-DD""]","[""OpenZR+"", ""OpenROADM"", ""CMIS5.3"", ""QSFP-DD MSA's""]","[""DWDM""]",125.0,"[""LC""]","[""SM""]",15.0,75.0,FlexO-4,,[37.0],,,,Operating temperature +15°C to +75°C. Storage temperature -40°C to +85°C. Tx power provisionable up to max available with 10dB range. Rx absolute max input power +1dBm (signal) / 15dBm (total).,"[""OVERVIEW"", ""TECHNICAL DATA"", ""GENERIC"", ""OPTICAL SPECIFICATION – NTWK/MEDIA CODES"", ""ELECTICAL CHARACTERISTICS"", ""APPLICATION SELECT TABLE - NORMALIZED APPLICATION DESCRIPTORS"", ""ORDERING INFORMATION""]",FlexO-4-MPCS101-OS (0xDC),24.5,FOIC1.2,FlexO-4-MPCS101-OS,0xDC,,[400.0],PCS-101,,[1.0],,-26.0,19.7,20.4,[1.0],34000.0,,[191.25],[196.1],100.8,,OpenROADM,,,,,,,0x3C,,,
20260810_183943,Smartoptics,TQD029-TUNC-SO,"[""QSFP-DD""]","[""OpenZR+"", ""OpenROADM"", ""CMIS5.3"", ""QSFP-DD MSA's""]","[""DWDM""]",87.5,"[""LC""]","[""SM""]",15.0,75.0,FlexO-4,,[37.0],,,,Operating temperature +15°C to +75°C. Storage temperature -40°C to +85°C. Tx power provisionable up to max available with 10dB range. Rx absolute max input power +1dBm (signal) / 15dBm (total).,"[""OVERVIEW"", ""TECHNICAL DATA"", ""GENERIC"", ""OPTICAL SPECIFICATION – NTWK/MEDIA CODES"", ""ELECTICAL CHARACTERISTICS"", ""APPLICATION SELECT TABLE - NORMALIZED APPLICATION DESCRIPTORS"", ""ORDERING INFORMATION""]",FlexO-4-MPCS079-OS (0xC4),24.0,FOIC1.2,FlexO-4-MPCS079-OS,0xC4,,[400.0],PCS-79,,[1.0],,-25.5,20.5,21.2,[1.0],58000.0,,[191.25],[196.1],78.9,,OpenROADM,,,,,,,0x3C,,,
20260810_183943,Smartoptics,TQD029-TUNC-SO,"[""QSFP-DD""]","[""OpenZR+"", ""OpenROADM"", ""CMIS5.3"", ""QSFP-DD MSA's""]","[""DWDM""]",75.0,"[""LC""]","[""SM""]",15.0,75.0,FlexO-4,,[37.0],,,,Operating temperature +15°C to +75°C. Storage temperature -40°C to +85°C. Tx power provisionable up to max available with 10dB range. Rx absolute max input power +1dBm (signal) / 15dBm (total).,"[""OVERVIEW"", ""TECHNICAL DATA"", ""GENERIC"", ""OPTICAL SPECIFICATION – NTWK/MEDIA CODES"", ""ELECTICAL CHARACTERISTICS"", ""APPLICATION SELECT TABLE - NORMALIZED APPLICATION DESCRIPTORS"", ""ORDERING INFORMATION""]",FlexO-4-MPCS069-OS (0xC1),23.5,FOIC1.2,FlexO-4-MPCS069-OS,0xC1,,[400.0],PCS-69,,[1.0],,-24.5,21.5,22.2,[1.0],80000.0,,[191.25],[196.1],69.1,,OpenROADM,,,,,,,0x3C,,,
20260810_183943,Smartoptics,TQD029-TUNC-SO,"[""QSFP-DD""]","[""OpenZR+"", ""OpenROADM"", ""CMIS5.3"", ""QSFP-DD MSA's""]","[""DWDM""]",100.0,"[""LC""]","[""SM""]",15.0,75.0,FlexO-4,,[37.0],,,,Operating temperature +15°C to +75°C. Storage temperature -40°C to +85°C. Tx power provisionable up to max available with 10dB range. Rx absolute max input power +1dBm (signal) / 15dBm (total).,"[""OVERVIEW"", ""TECHNICAL DATA"", ""GENERIC"", ""OPTICAL SPECIFICATION – NTWK/MEDIA CODES"", ""ELECTICAL CHARACTERISTICS"", ""APPLICATION SELECT TABLE - NORMALIZED APPLICATION DESCRIPTORS"", ""ORDERING INFORMATION""]",FlexO-4-MPCS087-OS (0xCA),24.5,FOIC1.2,FlexO-4-MPCS087-OS,0xCA,,[400.0],PCS-87,,[1.0],,-25.5,20.1,20.8,[1.0],52000.0,,[191.25],[196.1],87.3,,OpenROADM,,,,,,,0x3C,,,
20260810_183943,Smartoptics,TQD029-TUNC-SO,"[""QSFP-DD""]","[""OpenZR+"", ""OpenROADM"", ""CMIS5.3"", ""QSFP-DD MSA's""]","[""DWDM""]",75.0,"[""LC""]","[""SM""]",15.0,75.0,OpenZR400,,[37.0],,,,Operating temperature +15°C to +75°C. Storage temperature -40°C to +85°C. Tx power provisionable up to max available with 10dB range. Rx absolute max input power +1dBm (signal) / 15dBm (total).,"[""OVERVIEW"", ""TECHNICAL DATA"", ""GENERIC"", ""OPTICAL SPECIFICATION – NTWK/MEDIA CODES"", ""ELECTICAL CHARACTERISTICS"", ""APPLICATION SELECT TABLE - NORMALIZED APPLICATION DESCRIPTORS"", ""ORDERING INFORMATION""]",OpenZR+ Enhanced (0xC6),22.5,400GAUI-8,"OpenZR+, MSA, Enhanced",0xC6,,[400.0],DP-16QAM,,[1.0],,-22.5,22.9,23.6,[1.0],23000.0,,[191.25],[196.1],60.1,,OpenZR+,,,,,,,0x11,,,
20260810_183943,Smartoptics,TQD029-TUNC-SO,"[""QSFP-DD""]","[""OpenZR+"", ""OpenROADM"", ""CMIS5.3"", ""QSFP-DD MSA's""]","[""DWDM""]",75.0,"[""LC""]","[""SM""]",15.0,75.0,OpenZR400,,[37.0],,,,Operating temperature +15°C to +75°C. Storage temperature -40°C to +85°C. Tx power provisionable up to max available with 10dB range. Rx absolute max input power +1dBm (signal) / 15dBm (total).,"[""OVERVIEW"", ""TECHNICAL DATA"", ""GENERIC"", ""OPTICAL SPECIFICATION – NTWK/MEDIA CODES"", ""ELECTICAL CHARACTERISTICS"", ""APPLICATION SELECT TABLE - NORMALIZED APPLICATION DESCRIPTORS"", ""ORDERING INFORMATION""]",ZR400-OFEC-16QAM (0x46),22.5,400GAUI-8,ZR400-OFEC-16QAM,0x46,,[400.0],DP-16QAM,,[1.0],,-22.5,23.1,23.8,[1.0],23000.0,,[191.25],[196.1],60.1,,OpenZR+,,,,,,,0x11,,,
20260810_183943,Smartoptics,TQD029-TUNC-SO,"[""QSFP-DD""]","[""OpenZR+"", ""OpenROADM"", ""CMIS5.3"", ""QSFP-DD MSA's""]","[""DWDM""]",75.0,"[""LC""]","[""SM""]",15.0,75.0,OpenZR400,,[37.0],,,,Operating temperature +15°C to +75°C. Storage temperature -40°C to +85°C. Tx power provisionable up to max available with 10dB range. Rx absolute max input power +1dBm (signal) / 15dBm (total).,"[""OVERVIEW"", ""TECHNICAL DATA"", ""GENERIC"", ""OPTICAL SPECIFICATION – NTWK/MEDIA CODES"", ""ELECTICAL CHARACTERISTICS"", ""APPLICATION SELECT TABLE - NORMALIZED APPLICATION DESCRIPTORS"", ""ORDERING INFORMATION""]",ZR400-OFEC-16QAM-HB (0x36),22.5,400GAUI-8,ZR400-OFEC-16QAM-HB,0x36,,[400.0],DP-16QAM,,[1.0],,-22.5,23.1,23.8,[1.0],23000.0,,[191.25],[196.1],60.1,,OpenZR+,,,,,,,0x11,,,
20260821_081405,Cisco,QDD-8X100G-FR,QSFP-DD,"[""QSFP-DD MSA"", ""CMIS Rev 5"", ""OIF 112G PAM4"", ""100G Lambda MSA"", ""IEEE 802.3cu"", ""IEEE 802.3-2018"", ""IEEE 802.3ba"", ""IEEE 802.3bs"", ""IEEE 802.3cd"", ""GR-20-CORE"", ""GR-326-CORE"", ""GR-468-CORE"", ""GR-1435-CORE"", ""GR-1089"", ""FCC/ICES"", ""CENELEC"", ""VCCI"", ""NEBS"", ""CISPR32/CISPR22"", ""EN/IEC 61000-4-3"", ""EN/IEC 61000-4-2"", ""IEC/EN 60825-1"", ""RoHS 6""]","[""CWDM""]",,"[""MPO-12"", ""LC"", ""Duplex LC""]","[""SMF"", ""G.652""]",0.0,75.0,8x100GE,,,,[0.00024],,FEC is performed on the host platform. Average receive power per lane (min) is informative and not the principal indicator of signal strength.,"[""Product overview, Specifications, Regulatory and standards compliance""]",QDD-8X100G-FR (8x100G),[17.0],100GAUI-1,100GBASE-FR1,,,100.0,,2.0,-3.1,4.0,-7.1,,,4.0,,,,,,,100GBASE-FR1,[1270.0],[1330.0],1310.0,8,,,,"[""PAM4""]",,
20260821_081405,Cisco,QDD-2X400G-FR4,QSFP-DD800,"[""QSFP-DD MSA"", ""CMIS Rev 5"", ""OIF 112G PAM4"", ""100G Lambda MSA"", ""IEEE 802.3cu"", ""IEEE 802.3-2018"", ""IEEE 802.3ba"", ""IEEE 802.3bs"", ""IEEE 802.3cd"", ""GR-20-CORE"", ""GR-326-CORE"", ""GR-468-CORE"", ""GR-1435-CORE"", ""GR-1089"", ""FCC/ICES"", ""CENELEC"", ""VCCI"", ""NEBS"", ""CISPR32/CISPR22"", ""EN/IEC 61000-4-3"", ""EN/IEC 61000-4-2"", ""IEC/EN 60825-1"", ""RoHS 6""]","[""CWDM""]",,"[""MPO-12"", ""LC"", ""Duplex LC""]","[""SMF"", ""G.652""]",0.0,75.0,2x400G,,,,[0.00024],,FEC is performed on the host platform. Average receive power per lane (min) is informative and not the principal indicator of signal strength.,"[""Product overview, Specifications, Regulatory and standards compliance""]",QDD-2X400G-FR4 (2x400G),[17.0],400GAUI-4,400GBASE-FR4,,,425.0,,2.0,-3.2,3.5,-7.3,,,3.5,,,,,,,400GBASE-FR4,[1270.0],[1330.0],"[1270.0, 1290.0, 1310.0, 1330.0]",4,,,,"[""PAM4""]",,
20260821_090655,Cisco,DP08QSDD-ZRB-A1,QSFP-DD,"[""OIF 800ZR"", ""OpenZR+"", ""OpenROADM"", ""QSFP-DD MSA"", ""OSFP MSA""]",C-band,,"[""LC""]","[""SMF""]",-5.0,75.0,,,,,,,"TX power stated as >+1 dBm for C-band. Reach depends on amplification: 75/80 km unamplified, 120/1000+ km amplified. Power consumption specified as QSFP-DD type 2B compliant and OSFP power class 8. FOIC mode in 800G ZR+ only on transponders.","[""Product overview"", ""Features and benefits"", ""Product specifications"", ""Ordering information""]",DP08QSDD-ZRB-A1 Amplified,,800GE,800G ZR+,,,800.0,,1000.0,[1.0],,,,,,,,,,,,800G ZR+,1528.58,1567.34,,,,,,16QAM,,
20260821_090655,Cisco,DP08QSDD-ZRB-A1,QSFP-DD,"[""OIF 800ZR"", ""OpenZR+"", ""OpenROADM"", ""QSFP-DD MSA"", ""OSFP MSA""]",C-band,,"[""LC""]","[""SMF""]",-5.0,75.0,,,,,,,"TX power stated as >+1 dBm for C-band. Reach depends on amplification: 75/80 km unamplified, 120/1000+ km amplified. Power consumption specified as QSFP-DD type 2B compliant and OSFP power class 8. FOIC mode in 800G ZR+ only on transponders.","[""Product overview"", ""Features and benefits"", ""Product specifications"", ""Ordering information""]",DP08QSDD-ZRB-A1 Unamplified,,800GE,800G ZR+,,,800.0,,80.0,[1.0],,,,,,,,,,,,800G ZR+,1528.58,1567.34,,,,,,16QAM,,
20260821_090655,Cisco,DP08QSDD-LRB-A1,QSFP-DD,"[""OIF 800ZR"", ""OpenZR+"", ""OpenROADM"", ""QSFP-DD MSA"", ""OSFP MSA""]",L-band,,"[""LC""]","[""SMF""]",-5.0,75.0,,,,,,,"TX power stated as >+1 dBm for C-band. Reach depends on amplification: 75/80 km unamplified, 120/1000+ km amplified. Power consumption specified as QSFP-DD type 2B compliant and OSFP power class 8. FOIC mode in 800G ZR+ only on transponders.","[""Product overview"", ""Features and benefits"", ""Product specifications"", ""Ordering information""]",DP08QSDD-LRB-A1 Amplified,,800GE,800G ZR+,,,800.0,,1000.0,[1.0],,,,,,,,,,,,800G ZR+,1570.21,1610.49,,,,,,16QAM,,
20260821_090655,Cisco,DP08QSDD-LRB-A1,QSFP-DD,"[""OIF 800ZR"", ""OpenZR+"", ""OpenROADM"", ""QSFP-DD MSA"", ""OSFP MSA""]",L-band,,"[""LC""]","[""SMF""]",-5.0,75.0,,,,,,,"TX power stated as >+1 dBm for C-band. Reach depends on amplification: 75/80 km unamplified, 120/1000+ km amplified. Power consumption specified as QSFP-DD type 2B compliant and OSFP power class 8. FOIC mode in 800G ZR+ only on transponders.","[""Product overview"", ""Features and benefits"", ""Product specifications"", ""Ordering information""]",DP08QSDD-LRB-A1 Unamplified,,800GE,800G ZR+,,,800.0,,80.0,[1.0],,,,,,,,,,,,800G ZR+,1570.21,1610.49,,,,,,16QAM,,
20260821_090655,Cisco,DP08QSDD-ZRA-A1,QSFP-DD,"[""OIF 800ZR"", ""OpenZR+"", ""OpenROADM"", ""QSFP-DD MSA"", ""OSFP MSA""]",C-band,,"[""LC""]","[""SMF""]",-5.0,75.0,,,,,,,"TX power stated as >+1 dBm for C-band. Reach depends on amplification: 75/80 km unamplified, 120/1000+ km amplified. Power consumption specified as QSFP-DD type 2B compliant and OSFP power class 8. FOIC mode in 800G ZR+ only on transponders.","[""Product overview"", ""Features and benefits"", ""Product specifications"", ""Ordering information""]",DP08QSDD-ZRA-A1 Amplified,,800GE,800ZR,,,800.0,,120.0,[1.0],,,,,,,,,,,,800ZR,1528.58,1567.34,,,,,,16QAM,,
20260821_090655,Cisco,DP08QSDD-ZRA-A1,QSFP-DD,"[""OIF 800ZR"", ""OpenZR+"", ""OpenROADM"", ""QSFP-DD MSA"", ""OSFP MSA""]",C-band,,"[""LC""]","[""SMF""]",-5.0,75.0,,,,,,,"TX power stated as >+1 dBm for C-band. Reach depends on amplification: 75/80 km unamplified, 120/1000+ km amplified. Power consumption specified as QSFP-DD type 2B compliant and OSFP power class 8. FOIC mode in 800G ZR+ only on transponders.","[""Product overview"", ""Features and benefits"", ""Product specifications"", ""Ordering information""]",DP08QSDD-ZRA-A1 Unamplified,,800GE,800ZR,,,800.0,,75.0,[1.0],,,,,,,,,,,,800ZR,1528.58,1567.34,,,,,,16QAM,,
20260821_090655,Cisco,DP08SFP8-ZRB-A1,OSFP,"[""OIF 800ZR"", ""OpenZR+"", ""OpenROADM"", ""QSFP-DD MSA"", ""OSFP MSA""]",C-band,,"[""LC""]","[""SMF""]",-5.0,75.0,,,,,,,"TX power stated as >+1 dBm for C-band. Reach depends on amplification: 75/80 km unamplified, 120/1000+ km amplified. Power consumption specified as QSFP-DD type 2B compliant and OSFP power class 8. FOIC mode in 800G ZR+ only on transponders.","[""Product overview"", ""Features and benefits"", ""Product specifications"", ""Ordering information""]",DP08SFP8-ZRB-A1 Amplified,,800GE,800G ZR+,,,800.0,,1000.0,[1.0],,,,,,,,,,,,800G ZR+,1528.58,1567.34,,,,,,16QAM,,
20260821_090655,Cisco,DP08SFP8-ZRB-A1,OSFP,"[""OIF 800ZR"", ""OpenZR+"", ""OpenROADM"", ""QSFP-DD MSA"", ""OSFP MSA""]",C-band,,"[""LC""]","[""SMF""]",-5.0,75.0,,,,,,,"TX power stated as >+1 dBm for C-band. Reach depends on amplification: 75/80 km unamplified, 120/1000+ km amplified. Power consumption specified as QSFP-DD type 2B compliant and OSFP power class 8. FOIC mode in 800G ZR+ only on transponders.","[""Product overview"", ""Features and benefits"", ""Product specifications"", ""Ordering information""]",DP08SFP8-ZRB-A1 Unamplified,,800GE,800G ZR+,,,800.0,,80.0,[1.0],,,,,,,,,,,,800G ZR+,1528.58,1567.34,,,,,,16QAM,,
20260821_090655,Cisco,DP08SFP8-LRB-A1,OSFP,"[""OIF 800ZR"", ""OpenZR+"", ""OpenROADM"", ""QSFP-DD MSA"", ""OSFP MSA""]",L-band,,"[""LC""]","[""SMF""]",-5.0,75.0,,,,,,,"TX power stated as >+1 dBm for C-band. Reach depends on amplification: 75/80 km unamplified, 120/1000+ km amplified. Power consumption specified as QSFP-DD type 2B compliant and OSFP power class 8. FOIC mode in 800G ZR+ only on transponders.","[""Product overview"", ""Features and benefits"", ""Product specifications"", ""Ordering information""]",DP08SFP8-LRB-A1 Amplified,,800GE,800G ZR+,,,800.0,,1000.0,[1.0],,,,,,,,,,,,800G ZR+,1570.21,1610.49,,,,,,16QAM,,
20260821_090655,Cisco,DP08SFP8-LRB-A1,OSFP,"[""OIF 800ZR"", ""OpenZR+"", ""OpenROADM"", ""QSFP-DD MSA"", ""OSFP MSA""]",L-band,,"[""LC""]","[""SMF""]",-5.0,75.0,,,,,,,"TX power stated as >+1 dBm for C-band. Reach depends on amplification: 75/80 km unamplified, 120/1000+ km amplified. Power consumption specified as QSFP-DD type 2B compliant and OSFP power class 8. FOIC mode in 800G ZR+ only on transponders.","[""Product overview"", ""Features and benefits"", ""Product specifications"", ""Ordering information""]",DP08SFP8-LRB-A1 Unamplified,,800GE,800G ZR+,,,800.0,,80.0,[1.0],,,,,,,,,,,,800G ZR+,1570.21,1610.49,,,,,,16QAM,,
20260821_090655,Cisco,DP08SFP8-ZRA-A1,OSFP,"[""OIF 800ZR"", ""OpenZR+"", ""OpenROADM"", ""QSFP-DD MSA"", ""OSFP MSA""]",C-band,,"[""LC""]","[""SMF""]",-5.0,75.0,,,,,,,"TX power stated as >+1 dBm for C-band. Reach depends on amplification: 75/80 km unamplified, 120/1000+ km amplified. Power consumption specified as QSFP-DD type 2B compliant and OSFP power class 8. FOIC mode in 800G ZR+ only on transponders.","[""Product overview"", ""Features and benefits"", ""Product specifications"", ""Ordering information""]",DP08SFP8-ZRA-A1 Amplified,,800GE,800ZR,,,800.0,,120.0,[1.0],,,,,,,,,,,,800ZR,1528.58,1567.34,,,,,,16QAM,,
20260821_090655,Cisco,DP08SFP8-ZRA-A1,OSFP,"[""OIF 800ZR"", ""OpenZR+"", ""OpenROADM"", ""QSFP-DD MSA"", ""OSFP MSA""]",C-band,,"[""LC""]","[""SMF""]",-5.0,75.0,,,,,,,"TX power stated as >+1 dBm for C-band. Reach depends on amplification: 75/80 km unamplified, 120/1000+ km amplified. Power consumption specified as QSFP-DD type 2B compliant and OSFP power class 8. FOIC mode in 800G ZR+ only on transponders.","[""Product overview"", ""Features and benefits"", ""Product specifications"", ""Ordering information""]",DP08SFP8-ZRA-A1 Unamplified,,800GE,800ZR,,,800.0,,75.0,[1.0],,,,,,,,,,,,800ZR,1528.58,1567.34,,,,,,16QAM,,
20260821_093751,Cisco,QDD-400G-ZR-S,"[""QSFP-DD""]","[""OIF MSA"", ""400ZR"", ""OpenZR+"", ""OpenROADM""]","[""C-band""]",75.0,,,15.0,75.0,,,34.0,30.0,,,"Operating Case Temperature range: 15 to +75°C. Short term operating case temperature range +80°C. Note: a short term condition is present for a period of not more than 96 consecutive hours and a total of not more than 15 days in 1 year. This refers to a total of 360 hours in any given year, but no more than 15 occurrences during that 1-year period. Note: the module turn up from cold start at ambient temperature as low as -5°C and it will warm up with a case temperature higher than the ambient temperature, but it will meet optical performance specs only with case temperature within the range defined above.","[""Product overview, QDD ZR overview, QDD ZR Plus overview, Features and benefits, Specification, Transmitter specifications, Rx parameter specifications, Rx Optical Polarization specifications, Rx Multichannel Interaction specifications, Physical, Ordering information""]",QDD-400G-ZR-S 400G 16-QAM,,400GE,400G-ZR,,,400.0,,[120.0],,,-12.0,26.0,,[13.0],2400.0,,,,59843750000.0,33.0,400ZR,,,,,,,,16-QAM,C-FEC,
20260821_093751,Cisco,QDD-400G-ZRP-S,"[""QSFP-DD""]","[""OIF MSA"", ""400ZR"", ""OpenZR+"", ""OpenROADM""]","[""C-band""]",75.0,,,15.0,75.0,,,42.0,42.0,,,"Operating Case Temperature range: 15 to +75°C. Short term operating case temperature range +80°C. Note: a short term condition is present for a period of not more than 96 consecutive hours and a total of not more than 15 days in 1 year. This refers to a total of 360 hours in any given year, but no more than 15 occurrences during that 1-year period. Note: the module turn up from cold start at ambient temperature as low as -5°C and it will warm up with a case temperature higher than the ambient temperature, but it will meet optical performance specs only with case temperature within the range defined above.","[""Product overview, QDD ZR overview, QDD ZR Plus overview, Features and benefits, Specification, Transmitter specifications, Rx parameter specifications, Rx Optical Polarization specifications, Rx Multichannel Interaction specifications, Physical, Ordering information""]",QDD-400G-ZRP-S 400G 16-QAM,,400GE,400G-ZR+,,,400.0,,[120.0],,,-12.0,23.7,,[13.0],13000.0,,,,60138546798.0,60.0,OpenZR+,,,,,,,,16-QAM,OFEC,
20260821_093751,Cisco,QDD-400G-ZRP-S,"[""QSFP-DD""]","[""OIF MSA"", ""400ZR"", ""OpenZR+"", ""OpenROADM""]","[""C-band""]",75.0,,,15.0,75.0,,,42.0,42.0,,,"Operating Case Temperature range: 15 to +75°C. Short term operating case temperature range +80°C. Note: a short term condition is present for a period of not more than 96 consecutive hours and a total of not more than 15 days in 1 year. This refers to a total of 360 hours in any given year, but no more than 15 occurrences during that 1-year period. Note: the module turn up from cold start at ambient temperature as low as -5°C and it will warm up with a case temperature higher than the ambient temperature, but it will meet optical performance specs only with case temperature within the range defined above.","[""Product overview, QDD ZR overview, QDD ZR Plus overview, Features and benefits, Specification, Transmitter specifications, Rx parameter specifications, Rx Optical Polarization specifications, Rx Multichannel Interaction specifications, Physical, Ordering information""]",QDD-400G-ZRP-S 300G 8-QAM,,400GE,400G-ZR+,,,300.0,,[120.0],,,-15.0,20.8,,[13.0],26000.0,,,,60138546798.0,60.0,OpenZR+,,,,,,,,8-QAM,OFEC,
20260821_093751,Cisco,QDD-400G-ZRP-S,"[""QSFP-DD""]","[""OIF MSA"", ""400ZR"", ""OpenZR+"", ""OpenROADM""]","[""C-band""]",75.0,,,15.0,75.0,,,42.0,42.0,,,"Operating Case Temperature range: 15 to +75°C. Short term operating case temperature range +80°C. Note: a short term condition is present for a period of not more than 96 consecutive hours and a total of not more than 15 days in 1 year. This refers to a total of 360 hours in any given year, but no more than 15 occurrences during that 1-year period. Note: the module turn up from cold start at ambient temperature as low as -5°C and it will warm up with a case temperature higher than the ambient temperature, but it will meet optical performance specs only with case temperature within the range defined above.","[""Product overview, QDD ZR overview, QDD ZR Plus overview, Features and benefits, Specification, Transmitter specifications, Rx parameter specifications, Rx Optical Polarization specifications, Rx Multichannel Interaction specifications, Physical, Ordering information""]",QDD-400G-ZRP-S 200G QPSK,,400GE,400G-ZR+,,,200.0,,[120.0],,,-22.0,15.3,,[13.0],50000.0,,,,60138546798.0,60.0,OpenZR+,,,,,,,,QPSK,OFEC,
20260821_093751,Cisco,QDD-400G-ZRP-S,"[""QSFP-DD""]","[""OIF MSA"", ""400ZR"", ""OpenZR+"", ""OpenROADM""]","[""C-band""]",50.0,,,15.0,75.0,,,42.0,42.0,,,"Operating Case Temperature range: 15 to +75°C. Short term operating case temperature range +80°C. Note: a short term condition is present for a period of not more than 96 consecutive hours and a total of not more than 15 days in 1 year. This refers to a total of 360 hours in any given year, but no more than 15 occurrences during that 1-year period. Note: the module turn up from cold start at ambient temperature as low as -5°C and it will warm up with a case temperature higher than the ambient temperature, but it will meet optical performance specs only with case temperature within the range defined above.","[""Product overview, QDD ZR overview, QDD ZR Plus overview, Features and benefits, Specification, Transmitter specifications, Rx parameter specifications, Rx Optical Polarization specifications, Rx Multichannel Interaction specifications, Physical, Ordering information""]",QDD-400G-ZRP-S 200G 8-QAM,,400GE,400G-ZR+,,,200.0,,[120.0],,,-16.0,17.4,,[13.0],26000.0,,,,40092364532.0,60.0,OpenZR+,,,,,,,,8-QAM,OFEC,
20260821_093751,Cisco,QDD-400G-ZRP-S,"[""QSFP-DD""]","[""OIF MSA"", ""400ZR"", ""OpenZR+"", ""OpenROADM""]","[""C-band""]",50.0,,,15.0,75.0,,,42.0,42.0,,,"Operating Case Temperature range: 15 to +75°C. Short term operating case temperature range +80°C. Note: a short term condition is present for a period of not more than 96 consecutive hours and a total of not more than 15 days in 1 year. This refers to a total of 360 hours in any given year, but no more than 15 occurrences during that 1-year period. Note: the module turn up from cold start at ambient temperature as low as -5°C and it will warm up with a case temperature higher than the ambient temperature, but it will meet optical performance specs only with case temperature within the range defined above.","[""Product overview, QDD ZR overview, QDD ZR Plus overview, Features and benefits, Specification, Transmitter specifications, Rx parameter specifications, Rx Optical Polarization specifications, Rx Multichannel Interaction specifications, Physical, Ordering information""]",QDD-400G-ZRP-S 200G 16-QAM,,400GE,400G-ZR+,,,200.0,,[120.0],,,-15.0,19.3,,[13.0],21000.0,,,,30069273399.0,60.0,OpenZR+,,,,,,,,16-QAM,OFEC,
20260821_093751,Cisco,QDD-400G-ZRP-S,"[""QSFP-DD""]","[""OIF MSA"", ""400ZR"", ""OpenZR+"", ""OpenROADM""]","[""C-band""]",37.5,,,15.0,75.0,,,42.0,42.0,,,"Operating Case Temperature range: 15 to +75°C. Short term operating case temperature range +80°C. Note: a short term condition is present for a period of not more than 96 consecutive hours and a total of not more than 15 days in 1 year. This refers to a total of 360 hours in any given year, but no more than 15 occurrences during that 1-year period. Note: the module turn up from cold start at ambient temperature as low as -5°C and it will warm up with a case temperature higher than the ambient temperature, but it will meet optical performance specs only with case temperature within the range defined above.","[""Product overview, QDD ZR overview, QDD ZR Plus overview, Features and benefits, Specification, Transmitter specifications, Rx parameter specifications, Rx Optical Polarization specifications, Rx Multichannel Interaction specifications, Physical, Ordering information""]",QDD-400G-ZRP-S 100G QPSK,,400GE,400G-ZR+,,,100.0,,[120.0],,,-20.0,11.8,,[13.0],80000.0,,,,30069273399.0,80.0,OpenZR+,,,,,,,,QPSK,OFEC,
20260821_095641,naddod,"[""400G QSFP-DD ZR+""]","[""QSFP-DD""]","[""QSFP-DD MSA"", ""Open ZR+ MSA"", ""OIF 400ZR MSA"", ""OIF-CMIS-05.2"", ""IA OIF-C-CMIS-01.2"", ""QSFP-DD-Hardware-Rev6.3"", ""IEEE Std 802.3-2018""]","[""C-band""]","[100, 75, 50, 3.125]","[""Duplex LC""]",,0,75,"[""1 x 400GAUI-8"", ""4 x 100GAUI-2""]",,[40],[35],"[0.017, 0.02]","[-28, -26, -24]","CFEC FEC, NCG 10.8dB; OFEC FEC, NCG 11.6dB; Theoretical Max Pre-FEC BER 2.0E-2; For OIF 400ZR app code 0x02 the frequency is fixed at 193.7THz and not configurable; At Programmed Output Power Max, Transmit output power over wavelength, temperature, and aging; The absolute accuracy is ±1dB; Tolerance to CD with ≤ 0.5 dB penalty to OSNR sensitivity when change in SOP is ≤ 1rad/ms; OSNR penalty＜0.5dB; Tolerance to peak PDL with ≤ 1.3dB additional OSNR penalty when change in SOP is ≤1 rad/ms; Tolerance to peak PDL with ≤ 1.8dB additional OSNR penalty when change in SOP is ≤1 rad/ms; With ≤0.5 dB additional OSNR penalty over all PMD and PDL values","[""Features, Compliance, Description, Recommended Operating Conditions, Optical, Electrical Characteristic, - Receiver Operating Characteristic Optical, Operating Characteristic-Electrical highspeed, Digital Diagnostic Functions, Control and Status I/O Timing Characteristics, EEPROM Information""]",400G 400ZR (App Code 0x01),"[21, 22.5]","[""400GAUI-8"", ""100GAUI-2""]",400ZR,"[""3Eh"", ""3Fh""]",,400,,120,"[-10, -13]","[-6, -9]",-20,26,26,[10],2400,,[191.3],[196.1],"[59.84375, 26.5625]",33,0x01,,,,[1],,,,"[""16QAM"", ""PAM-4""]","[""CFEC"", ""OFEC""]","[3.0, 3.5]"
20260821_095641,naddod,"[""400G QSFP-DD ZR+""]","[""QSFP-DD""]","[""QSFP-DD MSA"", ""Open ZR+ MSA"", ""OIF 400ZR MSA"", ""OIF-CMIS-05.2"", ""IA OIF-C-CMIS-01.2"", ""QSFP-DD-Hardware-Rev6.3"", ""IEEE Std 802.3-2018""]","[""C-band""]","[100, 75, 50, 3.125]","[""Duplex LC""]",,0,75,"[""1 x 400GAUI-8"", ""4 x 100GAUI-2""]",,[40],[35],"[0.017, 0.02]","[-28, -26, -24]","CFEC FEC, NCG 10.8dB; OFEC FEC, NCG 11.6dB; Theoretical Max Pre-FEC BER 2.0E-2; For OIF 400ZR app code 0x02 the frequency is fixed at 193.7THz and not configurable; At Programmed Output Power Max, Transmit output power over wavelength, temperature, and aging; The absolute accuracy is ±1dB; Tolerance to CD with ≤ 0.5 dB penalty to OSNR sensitivity when change in SOP is ≤ 1rad/ms; OSNR penalty＜0.5dB; Tolerance to peak PDL with ≤ 1.3dB additional OSNR penalty when change in SOP is ≤1 rad/ms; Tolerance to peak PDL with ≤ 1.8dB additional OSNR penalty when change in SOP is ≤1 rad/ms; With ≤0.5 dB additional OSNR penalty over all PMD and PDL values","[""Features, Compliance, Description, Recommended Operating Conditions, Optical, Electrical Characteristic, - Receiver Operating Characteristic Optical, Operating Characteristic-Electrical highspeed, Digital Diagnostic Functions, Control and Status I/O Timing Characteristics, EEPROM Information""]",400G 400ZR (App Code 0x02),"[21, 22.5]","[""400GAUI-8"", ""100GAUI-2""]",400ZR,"[""3Eh"", ""3Fh""]",,400,,"[30, 40]","[-10, -9, -13]","[-6, -9]",-20,26,26,[10],2400,,[191.3],[196.1],"[59.84375, 26.5625]",33,0x02,,,,[1],,,,"[""16QAM"", ""PAM-4""]","[""CFEC"", ""OFEC""]","[3.0, 3.5]"
20260821_095641,naddod,"[""400G QSFP-DD ZR+""]","[""QSFP-DD""]","[""QSFP-DD MSA"", ""Open ZR+ MSA"", ""OIF 400ZR MSA"", ""OIF-CMIS-05.2"", ""IA OIF-C-CMIS-01.2"", ""QSFP-DD-Hardware-Rev6.3"", ""IEEE Std 802.3-2018""]","[""C-band""]","[100, 75, 50, 3.125]","[""Duplex LC""]",,0,75,"[""1 x 400GAUI-8"", ""4 x 100GAUI-2""]",,[40],[35],"[0.017, 0.02]","[-30, -28]","CFEC FEC, NCG 10.8dB; OFEC FEC, NCG 11.6dB; Theoretical Max Pre-FEC BER 2.0E-2; For OIF 400ZR app code 0x02 the frequency is fixed at 193.7THz and not configurable; At Programmed Output Power Max, Transmit output power over wavelength, temperature, and aging; The absolute accuracy is ±1dB; Tolerance to CD with ≤ 0.5 dB penalty to OSNR sensitivity when change in SOP is ≤ 1rad/ms; OSNR penalty＜0.5dB; Tolerance to peak PDL with ≤ 1.3dB additional OSNR penalty when change in SOP is ≤1 rad/ms; Tolerance to peak PDL with ≤ 1.8dB additional OSNR penalty when change in SOP is ≤1 rad/ms; With ≤0.5 dB additional OSNR penalty over all PMD and PDL values","[""Features, Compliance, Description, Recommended Operating Conditions, Optical, Electrical Characteristic, - Receiver Operating Characteristic Optical, Operating Characteristic-Electrical highspeed, Digital Diagnostic Functions, Control and Status I/O Timing Characteristics, EEPROM Information""]",400G 400ZR+,"[21, 22.5]","[""400GAUI-8"", ""100GAUI-2""]",400ZR+,46h,,400,,450,"[-10, -13]","[-6, -9]",-22,24,24,[10],20000,,[191.3],[196.1],"[60.138546798, 26.5625]",66,0x03,,,,[1],,,,"[""16QAM"", ""PAM-4""]","[""CFEC"", ""OFEC""]","[3.0, 3.5]"
20260821_095641,naddod,"[""400G QSFP-DD ZR+""]","[""QSFP-DD""]","[""QSFP-DD MSA"", ""Open ZR+ MSA"", ""OIF 400ZR MSA"", ""OIF-CMIS-05.2"", ""IA OIF-C-CMIS-01.2"", ""QSFP-DD-Hardware-Rev6.3"", ""IEEE Std 802.3-2018""]","[""C-band""]","[100, 75, 50, 3.125]","[""Duplex LC""]",,0,75,3 x 100GAUI-2,,[40],[35],"[0.017, 0.02]","[-32, -30, -28]","CFEC FEC, NCG 10.8dB; OFEC FEC, NCG 11.6dB; Theoretical Max Pre-FEC BER 2.0E-2; For OIF 400ZR app code 0x02 the frequency is fixed at 193.7THz and not configurable; At Programmed Output Power Max, Transmit output power over wavelength, temperature, and aging; The absolute accuracy is ±1dB; Tolerance to CD with ≤ 0.5 dB penalty to OSNR sensitivity when change in SOP is ≤ 1rad/ms; OSNR penalty＜0.5dB; Tolerance to peak PDL with ≤ 1.3dB additional OSNR penalty when change in SOP is ≤1 rad/ms; Tolerance to peak PDL with ≤ 1.8dB additional OSNR penalty when change in SOP is ≤1 rad/ms; With ≤0.5 dB additional OSNR penalty over all PMD and PDL values","[""Features, Compliance, Description, Recommended Operating Conditions, Optical, Electrical Characteristic, - Receiver Operating Characteristic Optical, Operating Characteristic-Electrical highspeed, Digital Diagnostic Functions, Control and Status I/O Timing Characteristics, EEPROM Information""]",300G 300ZR+,"[22, 23]",100GAUI-2,300ZR+,47h,,300,,600,"[-10, -13]","[-6, -9]",-22,21,21,[10],40000,,[191.3],[196.1],"[60.138546798, 26.5625]",83,0x03,,,,[1],,,,"[""8QAM"", ""PAM-4""]",OFEC,"[3.0, 3.5]"
20260821_095641,naddod,"[""400G QSFP-DD ZR+""]","[""QSFP-DD""]","[""QSFP-DD MSA"", ""Open ZR+ MSA"", ""OIF 400ZR MSA"", ""OIF-CMIS-05.2"", ""IA OIF-C-CMIS-01.2"", ""QSFP-DD-Hardware-Rev6.3"", ""IEEE Std 802.3-2018""]","[""C-band""]","[100, 75, 50, 3.125]","[""Duplex LC""]",,0,75,2 x CAUI-4,,[40],[35],"[0.017, 0.02]","[-32, -30, -28]","CFEC FEC, NCG 10.8dB; OFEC FEC, NCG 11.6dB; Theoretical Max Pre-FEC BER 2.0E-2; For OIF 400ZR app code 0x02 the frequency is fixed at 193.7THz and not configurable; At Programmed Output Power Max, Transmit output power over wavelength, temperature, and aging; The absolute accuracy is ±1dB; Tolerance to CD with ≤ 0.5 dB penalty to OSNR sensitivity when change in SOP is ≤ 1rad/ms; OSNR penalty＜0.5dB; Tolerance to peak PDL with ≤ 1.3dB additional OSNR penalty when change in SOP is ≤1 rad/ms; Tolerance to peak PDL with ≤ 1.8dB additional OSNR penalty when change in SOP is ≤1 rad/ms; With ≤0.5 dB additional OSNR penalty over all PMD and PDL values","[""Features, Compliance, Description, Recommended Operating Conditions, Optical, Electrical Characteristic, - Receiver Operating Characteristic Optical, Operating Characteristic-Electrical highspeed, Digital Diagnostic Functions, Control and Status I/O Timing Characteristics, EEPROM Information""]",200G 200ZR+,"[22, 23]",CAUI-4,200ZR+,48h,,200,,1000,-9,-5,-22,16,16,[10],50000,,[191.3],[196.1],"[60.138546798, 25.78125]",83,0x03,,,,[1],,,,"[""QPSK"", ""NRZ""]",OFEC,"[3.0, 3.5]"
20260821_095641,naddod,"[""400G QSFP-DD ZR+""]","[""QSFP-DD""]","[""QSFP-DD MSA"", ""Open ZR+ MSA"", ""OIF 400ZR MSA"", ""OIF-CMIS-05.2"", ""IA OIF-C-CMIS-01.2"", ""QSFP-DD-Hardware-Rev6.3"", ""IEEE Std 802.3-2018""]","[""C-band""]","[100, 75, 50, 3.125]","[""Duplex LC""]",,0,75,"[""1 x 100GAUI-2"", ""1 x CAUI-4""]",,[40],[35],"[0.017, 0.02]","[-32, -30, -28]","CFEC FEC, NCG 10.8dB; OFEC FEC, NCG 11.6dB; Theoretical Max Pre-FEC BER 2.0E-2; For OIF 400ZR app code 0x02 the frequency is fixed at 193.7THz and not configurable; At Programmed Output Power Max, Transmit output power over wavelength, temperature, and aging; The absolute accuracy is ±1dB; Tolerance to CD with ≤ 0.5 dB penalty to OSNR sensitivity when change in SOP is ≤ 1rad/ms; OSNR penalty＜0.5dB; Tolerance to peak PDL with ≤ 1.3dB additional OSNR penalty when change in SOP is ≤1 rad/ms; Tolerance to peak PDL with ≤ 1.8dB additional OSNR penalty when change in SOP is ≤1 rad/ms; With ≤0.5 dB additional OSNR penalty over all PMD and PDL values","[""Features, Compliance, Description, Recommended Operating Conditions, Optical, Electrical Characteristic, - Receiver Operating Characteristic Optical, Operating Characteristic-Electrical highspeed, Digital Diagnostic Functions, Control and Status I/O Timing Characteristics, EEPROM Information""]",100G 100ZR+,"[22, 23]","[""100GAUI-2"", ""CAUI-4""]",100ZR+,49h,,100,,2000,-8,-4,-22,12.5,12.5,[10],100000,,[191.3],[196.1],"[30.069273399, 26.5625, 25.78125]",100,0x03,,,,[1],,,,"[""QPSK"", ""PAM-4"", ""NRZ""]",OFEC,"[3.0, 3.5]"
20260821_104901,ProLabs,"[""QDD400GBDCOZRP4DBM-J-ST01-C""]","[""QSFP-DD""]","[""400GBase-Open ZR+"", ""Open ZR+"", ""OpenZR+ MSA"", ""OIF 400ZR"", ""400GBase Ethernet"", ""QSFP-DD MSA""]","[""C-band""]",[6.25],"[""LC"", ""Duplex LC""]","[""SMF"", ""single-mode fiber""]",0,70,1 x 400GAUI-8,,[38],,0.017,-20,"Amplified: -10dBm to +1dBm output power @ C-band. Power consumption varies by mode: 22W/22.5W for 400GbE, 23W/23.5W for 4x100GbE.","[""Features, Applications, Product Description, Applications Supported, Absolute Maximum Ratings, Recommended Operating Conditions, Optical Characteristics""]",OIF 400ZR 120km,22,400GAUI-8,400ZR,3Eh,,400,,120,[-10],4,[-20],26,26,[10],2400,,[191.3],[196.1],59.84375,33,0x001,,,,,,,,16QAM,CFEC,3.0
20260821_104901,ProLabs,"[""QDD400GBDCOZRP4DBM-J-ST01-C""]","[""QSFP-DD""]","[""400GBase-Open ZR+"", ""Open ZR+"", ""OpenZR+ MSA"", ""OIF 400ZR"", ""400GBase Ethernet"", ""QSFP-DD MSA""]","[""C-band""]",[6.25],"[""LC"", ""Duplex LC""]","[""SMF"", ""single-mode fiber""]",0,70,1 x 400GAUI-8,,[38],,0.02,-20,"Amplified: -10dBm to +1dBm output power @ C-band. Power consumption varies by mode: 22W/22.5W for 400GbE, 23W/23.5W for 4x100GbE.","[""Features, Applications, Product Description, Applications Supported, Absolute Maximum Ratings, Recommended Operating Conditions, Optical Characteristics""]",OpenZR+ MSA 400G 450km (1x400GAUI-8),22,400GAUI-8,400ZR+,46h,,400,,450,[-10],1,[-20],24,24,[10],20000,,[191.3],[196.1],60.138546798,66,OpenZR+ MSA,,,,,,,,16QAM,oFEC,3.0
20260821_104901,ProLabs,"[""QDD400GBDCOZRP4DBM-J-ST01-C""]","[""QSFP-DD""]","[""400GBase-Open ZR+"", ""Open ZR+"", ""OpenZR+ MSA"", ""OIF 400ZR"", ""400GBase Ethernet"", ""QSFP-DD MSA""]","[""C-band""]",[6.25],"[""LC"", ""Duplex LC""]","[""SMF"", ""single-mode fiber""]",0,70,4 x 100GAUI-2,,[38],,0.02,-20,"Amplified: -10dBm to +1dBm output power @ C-band. Power consumption varies by mode: 22W/22.5W for 400GbE, 23W/23.5W for 4x100GbE.","[""Features, Applications, Product Description, Applications Supported, Absolute Maximum Ratings, Recommended Operating Conditions, Optical Characteristics""]",Open ZR+ MSA 400G 450km (4x100GAUI-2 1.25),23,100GAUI-2,400ZR+,46h,,400,,450,[-10],1,[-20],24,24,[10],20000,,[191.3],[196.1],60.138546798,66,Open ZR+ MSA,,,,,,,,16QAM,oFEC,3.0
20260821_104901,ProLabs,"[""QDD400GBDCOZRP4DBM-J-ST01-C""]","[""QSFP-DD""]","[""400GBase-Open ZR+"", ""Open ZR+"", ""OpenZR+ MSA"", ""OIF 400ZR"", ""400GBase Ethernet"", ""QSFP-DD MSA""]","[""C-band""]",[6.25],"[""LC"", ""Duplex LC""]","[""SMF"", ""single-mode fiber""]",0,70,4 x 100GAUI-2,,[38],,0.02,-20,"Amplified: -10dBm to +1dBm output power @ C-band. Power consumption varies by mode: 22W/22.5W for 400GbE, 23W/23.5W for 4x100GbE.","[""Features, Applications, Product Description, Applications Supported, Absolute Maximum Ratings, Recommended Operating Conditions, Optical Characteristics""]",Open ZR+ MSA 400G 450km (4x100GAUI-2 1.50),23,100GAUI-2,400ZR+,46h,,400,,450,[-10],1,[-20],24,24,[10],20000,,[191.3],[196.1],60.138546798,66,Open ZR+ MSA,,,,,,,,16QAM,oFEC,3.0
20260821_104901,ProLabs,"[""QDD400GBDCOZRP4DBM-J-ST01-C""]","[""QSFP-DD""]","[""400GBase-Open ZR+"", ""Open ZR+"", ""OpenZR+ MSA"", ""OIF 400ZR"", ""400GBase Ethernet"", ""QSFP-DD MSA""]","[""C-band""]",[6.25],"[""LC"", ""Duplex LC""]","[""SMF"", ""single-mode fiber""]",0,70,3 x 100GAUI-2,,[38],,0.02,-23,"Amplified: -10dBm to +1dBm output power @ C-band. Power consumption varies by mode: 22W/22.5W for 400GbE, 23W/23.5W for 4x100GbE.","[""Features, Applications, Product Description, Applications Supported, Absolute Maximum Ratings, Recommended Operating Conditions, Optical Characteristics""]",Open ZR+ MSA 300G 600km,23,100GAUI-2,300ZR+,47h,,300,,600,[-10],1,[-20],21,21,[10],40000,,[191.3],[196.1],60.138546798,83,Open ZR+ MSA,,,,,,,,8QAM,oFEC,3.0
20260821_104901,ProLabs,"[""QDD400GBDCOZRP4DBM-J-ST01-C""]","[""QSFP-DD""]","[""400GBase-Open ZR+"", ""Open ZR+"", ""OpenZR+ MSA"", ""OIF 400ZR"", ""400GBase Ethernet"", ""QSFP-DD MSA""]","[""C-band""]",[6.25],"[""LC"", ""Duplex LC""]","[""SMF"", ""single-mode fiber""]",0,70,2 x 100GAUI-2,,[38],,0.02,-26,"Amplified: -10dBm to +1dBm output power @ C-band. Power consumption varies by mode: 22W/22.5W for 400GbE, 23W/23.5W for 4x100GbE.","[""Features, Applications, Product Description, Applications Supported, Absolute Maximum Ratings, Recommended Operating Conditions, Optical Characteristics""]",OpenZR+ MSA 200G 1000km,23,100GAUI-2,200ZR+,48h,,200,,1000,[-10],1,[-20],16,16,[10],50000,,[191.3],[196.1],60.138546798,83,OpenZR+ MSA,,,,,,,,QPSK,oFEC,3.0
20260821_104901,ProLabs,"[""QDD400GBDCOZRP4DBM-J-ST01-C""]","[""QSFP-DD""]","[""400GBase-Open ZR+"", ""Open ZR+"", ""OpenZR+ MSA"", ""OIF 400ZR"", ""400GBase Ethernet"", ""QSFP-DD MSA""]","[""C-band""]",[6.25],"[""LC"", ""Duplex LC""]","[""SMF"", ""single-mode fiber""]",0,70,2 x 100GAUI-2,,[38],,0.02,-26,"Amplified: -10dBm to +1dBm output power @ C-band. Power consumption varies by mode: 22W/22.5W for 400GbE, 23W/23.5W for 4x100GbE.","[""Features, Applications, Product Description, Applications Supported, Absolute Maximum Ratings, Recommended Operating Conditions, Optical Characteristics""]",Open ZR+ Extension 200G 2000km 8QAM,23,100GAUI-2,200ZR+,48h,,200,,2000,[-10],1,[-20],16,16,[10],50000,,[191.3],[196.1],60.138546798,83,Open ZR+ Extension,,,,,,,,8QAM,oFEC,3.0
20260821_104901,ProLabs,"[""QDD400GBDCOZRP4DBM-J-ST01-C""]","[""QSFP-DD""]","[""400GBase-Open ZR+"", ""Open ZR+"", ""OpenZR+ MSA"", ""OIF 400ZR"", ""400GBase Ethernet"", ""QSFP-DD MSA""]","[""C-band""]",[6.25],"[""LC"", ""Duplex LC""]","[""SMF"", ""single-mode fiber""]",0,70,2 x 100GAUI-2,,[38],,0.02,-26,"Amplified: -10dBm to +1dBm output power @ C-band. Power consumption varies by mode: 22W/22.5W for 400GbE, 23W/23.5W for 4x100GbE.","[""Features, Applications, Product Description, Applications Supported, Absolute Maximum Ratings, Recommended Operating Conditions, Optical Characteristics""]",Open ZR+ Extension 200G 2000km 16QAM,23,100GAUI-2,200ZR+,48h,,200,,2000,[-10],1,[-20],16,16,[10],50000,,[191.3],[196.1],60.138546798,83,Open ZR+ Extension,,,,,,,,16QAM,oFEC,3.0
20260821_104901,ProLabs,"[""QDD400GBDCOZRP4DBM-J-ST01-C""]","[""QSFP-DD""]","[""400GBase-Open ZR+"", ""Open ZR+"", ""OpenZR+ MSA"", ""OIF 400ZR"", ""400GBase Ethernet"", ""QSFP-DD MSA""]","[""C-band""]",[6.25],"[""LC"", ""Duplex LC""]","[""SMF"", ""single-mode fiber""]",0,70,1 x 100GAUI-2,,[38],,0.02,-26,"Amplified: -10dBm to +1dBm output power @ C-band. Power consumption varies by mode: 22W/22.5W for 400GbE, 23W/23.5W for 4x100GbE.","[""Features, Applications, Product Description, Applications Supported, Absolute Maximum Ratings, Recommended Operating Conditions, Optical Characteristics""]",OpenZR+ MSA 100G 2000km,23,100GAUI-2,100ZR+,49h,,100,,2000,[-10],1,[-20],12.5,12.5,[10],100000,,[191.3],[196.1],30.069273399,100,OpenZR+ MSA,,,,,,,,QPSK,oFEC,3.0
20260821_110734,Fiberworks AS,"[""QDD-400G-DCO-0ZRP""]","[""QSFP-DD""]","[""QSFP-DD MSA"", ""CMIS"", ""CMIS 5.0"", ""OIF OpenZRplus"", ""IEC-60825"", ""FDA 21 CFR 1040.10"", ""FDA 21 CFR 1040.11""]","[""C-band""]",,"[""LC""]","[""Singlemode"", ""SM""]",0.0,70.0,,,[34.0],,,,Reach up to 120 km without EDFA or DCM; up to 500 km with EDFA. Form factor: QSFP-DD Type2A (w/external heat sink). C-band Flex-grid Tunable DWDM.,"[""DESCRIPTION"", ""APPLICATIONS"", ""FEATURES"", ""TECHNICAL DATA"", ""ORDERING INFORMATION""]",ZR400 Unamplified,[22.0],,,,,400.0,,120.0,[-5.0],[5.0],-24.0,24.0,[0.5],[10.0],12000.0,,[191.3],[196.1],60.14,,ZR400,,,,,,,,DP-16QAM,"[""oFEC""]",
20260821_110734,Fiberworks AS,"[""QDD-400G-DCO-0ZRP""]","[""QSFP-DD""]","[""QSFP-DD MSA"", ""CMIS"", ""CMIS 5.0"", ""OIF OpenZRplus"", ""IEC-60825"", ""FDA 21 CFR 1040.10"", ""FDA 21 CFR 1040.11""]","[""C-band""]",,"[""LC""]","[""Singlemode"", ""SM""]",0.0,70.0,,,[34.0],,,,Reach up to 120 km without EDFA or DCM; up to 500 km with EDFA. Form factor: QSFP-DD Type2A (w/external heat sink). C-band Flex-grid Tunable DWDM.,"[""DESCRIPTION"", ""APPLICATIONS"", ""FEATURES"", ""TECHNICAL DATA"", ""ORDERING INFORMATION""]",ZR400 Amplified,[22.0],,,,,400.0,,500.0,[-5.0],[5.0],-24.0,24.0,[0.5],[10.0],12000.0,,[191.3],[196.1],60.14,,ZR400,,,,,,,,DP-16QAM,"[""oFEC""]",
20260821_110734,Fiberworks AS,"[""QDD-400G-DCO-0ZRP""]","[""QSFP-DD""]","[""QSFP-DD MSA"", ""CMIS"", ""CMIS 5.0"", ""OIF OpenZRplus"", ""IEC-60825"", ""FDA 21 CFR 1040.10"", ""FDA 21 CFR 1040.11""]","[""C-band""]",,"[""LC""]","[""Singlemode"", ""SM""]",0.0,70.0,,,[34.0],,,,Reach up to 120 km without EDFA or DCM; up to 500 km with EDFA. Form factor: QSFP-DD Type2A (w/external heat sink). C-band Flex-grid Tunable DWDM.,"[""DESCRIPTION"", ""APPLICATIONS"", ""FEATURES"", ""TECHNICAL DATA"", ""ORDERING INFORMATION""]",ZR300 Unamplified,[22.0],,,,,300.0,,120.0,[-5.0],[5.0],-26.0,21.0,[0.5],[10.0],20000.0,,[191.3],[196.1],60.14,,ZR300,,,,,,,,DP-8QAM,"[""oFEC""]",
20260821_110734,Fiberworks AS,"[""QDD-400G-DCO-0ZRP""]","[""QSFP-DD""]","[""QSFP-DD MSA"", ""CMIS"", ""CMIS 5.0"", ""OIF OpenZRplus"", ""IEC-60825"", ""FDA 21 CFR 1040.10"", ""FDA 21 CFR 1040.11""]","[""C-band""]",,"[""LC""]","[""Singlemode"", ""SM""]",0.0,70.0,,,[34.0],,,,Reach up to 120 km without EDFA or DCM; up to 500 km with EDFA. Form factor: QSFP-DD Type2A (w/external heat sink). C-band Flex-grid Tunable DWDM.,"[""DESCRIPTION"", ""APPLICATIONS"", ""FEATURES"", ""TECHNICAL DATA"", ""ORDERING INFORMATION""]",ZR300 Amplified,[22.0],,,,,300.0,,500.0,[-5.0],[5.0],-26.0,21.0,[0.5],[10.0],20000.0,,[191.3],[196.1],60.14,,ZR300,,,,,,,,DP-8QAM,"[""oFEC""]",
20260821_110734,Fiberworks AS,"[""QDD-400G-DCO-0ZRP""]","[""QSFP-DD""]","[""QSFP-DD MSA"", ""CMIS"", ""CMIS 5.0"", ""OIF OpenZRplus"", ""IEC-60825"", ""FDA 21 CFR 1040.10"", ""FDA 21 CFR 1040.11""]","[""C-band""]",,"[""LC""]","[""Singlemode"", ""SM""]",0.0,70.0,,,[34.0],,,,Reach up to 120 km without EDFA or DCM; up to 500 km with EDFA. Form factor: QSFP-DD Type2A (w/external heat sink). C-band Flex-grid Tunable DWDM.,"[""DESCRIPTION"", ""APPLICATIONS"", ""FEATURES"", ""TECHNICAL DATA"", ""ORDERING INFORMATION""]",ZR200 Unamplified,[22.0],,,,,200.0,,120.0,[-5.0],[5.0],-28.0,16.0,[0.5],[10.0],30000.0,,[191.3],[196.1],60.14,,ZR200,,,,,,,,DP-16QAM,"[""oFEC""]",
20260821_110734,Fiberworks AS,"[""QDD-400G-DCO-0ZRP""]","[""QSFP-DD""]","[""QSFP-DD MSA"", ""CMIS"", ""CMIS 5.0"", ""OIF OpenZRplus"", ""IEC-60825"", ""FDA 21 CFR 1040.10"", ""FDA 21 CFR 1040.11""]","[""C-band""]",,"[""LC""]","[""Singlemode"", ""SM""]",0.0,70.0,,,[34.0],,,,Reach up to 120 km without EDFA or DCM; up to 500 km with EDFA. Form factor: QSFP-DD Type2A (w/external heat sink). C-band Flex-grid Tunable DWDM.,"[""DESCRIPTION"", ""APPLICATIONS"", ""FEATURES"", ""TECHNICAL DATA"", ""ORDERING INFORMATION""]",ZR200 Amplified,[22.0],,,,,200.0,,500.0,[-5.0],[5.0],-28.0,16.0,[0.5],[10.0],30000.0,,[191.3],[196.1],60.14,,ZR200,,,,,,,,DP-16QAM,"[""oFEC""]",
20260821_110734,Fiberworks AS,"[""QDD-400G-DCO-0ZRP""]","[""QSFP-DD""]","[""QSFP-DD MSA"", ""CMIS"", ""CMIS 5.0"", ""OIF OpenZRplus"", ""IEC-60825"", ""FDA 21 CFR 1040.10"", ""FDA 21 CFR 1040.11""]","[""C-band""]",,"[""LC""]","[""Singlemode"", ""SM""]",0.0,70.0,,,[34.0],,,,Reach up to 120 km without EDFA or DCM; up to 500 km with EDFA. Form factor: QSFP-DD Type2A (w/external heat sink). C-band Flex-grid Tunable DWDM.,"[""DESCRIPTION"", ""APPLICATIONS"", ""FEATURES"", ""TECHNICAL DATA"", ""ORDERING INFORMATION""]",ZR100 Unamplified,[22.0],,,,,100.0,,120.0,[-5.0],[5.0],-32.0,12.5,[0.5],[10.0],50000.0,,[191.3],[196.1],30.07,,ZR100,,,,,,,,DP-QPSK,"[""oFEC""]",
20260821_110734,Fiberworks AS,"[""QDD-400G-DCO-0ZRP""]","[""QSFP-DD""]","[""QSFP-DD MSA"", ""CMIS"", ""CMIS 5.0"", ""OIF OpenZRplus"", ""IEC-60825"", ""FDA 21 CFR 1040.10"", ""FDA 21 CFR 1040.11""]","[""C-band""]",,"[""LC""]","[""Singlemode"", ""SM""]",0.0,70.0,,,[34.0],,,,Reach up to 120 km without EDFA or DCM; up to 500 km with EDFA. Form factor: QSFP-DD Type2A (w/external heat sink). C-band Flex-grid Tunable DWDM.,"[""DESCRIPTION"", ""APPLICATIONS"", ""FEATURES"", ""TECHNICAL DATA"", ""ORDERING INFORMATION""]",ZR100 Amplified,[22.0],,,,,100.0,,500.0,[-5.0],[5.0],-32.0,12.5,[0.5],[10.0],50000.0,,[191.3],[196.1],30.07,,ZR100,,,,,,,,DP-QPSK,"[""oFEC""]",
20260821_133838,Avago Technologies,AFBR-79Q4Z,"[""QSFP""]","[""QSFP Multi-Source Agreement""]","[""Short Wavelength""]",,"[""MPO"", ""MTP""]","[""MMF"", ""OM2"", ""OM3"", ""multimode fiber""]",0.0,70.0,,,,,,-26.0,,"[""Description"", ""Part Number Ordering Options"", ""Features"", ""Recommended Operating Conditions"", ""Transceiver Electrical Characteristics"", ""Transmitter Optical Characteristics"", ""Receiver Optical Characteristics""]",10G QDR InfiniBand,1.5,"[""QSFP""]",,,,10.0,,0.1,[-3.0],[1.0],[-9.8],,,[1.0],,,,,10.0,,,[840.0],[860.0],[850.0],[4],3.0,-10.0,,,,
20260821_133838,Avago Technologies,AFBR-79Q5Z,"[""QSFP""]","[""QSFP Multi-Source Agreement""]","[""Short Wavelength""]",,"[""MPO"", ""MTP""]","[""MMF"", ""OM2"", ""OM3"", ""multimode fiber""]",0.0,70.0,,,,,,-26.0,,"[""Description"", ""Part Number Ordering Options"", ""Features"", ""Recommended Operating Conditions"", ""Transceiver Electrical Characteristics"", ""Transmitter Optical Characteristics"", ""Receiver Optical Characteristics""]",5G DDR InfiniBand,1.3,"[""QSFP""]",,,,5.0,,0.035,[-3.0],[1.0],[-9.8],,,[1.0],,,,,2.5,,,[840.0],[860.0],[850.0],[4],3.0,-10.0,,,,
20260915_124027,Smartoptics,"[""TD8005-TUNC-SO""]","[""QSFP-DD""]","[""OIF 800ZR MSA"", ""OpenROADM MSA"", ""CMIS5.3"", ""OSFP800 MSA""]","[""DWDM""]",150.0,"[""LC""]","[""SM""]",15.0,75.0,800ZR,,[37.0],,,,"The module transmit power can be provisioned up to the maximum available TX power. If the TX power is not provisioned by the host, the module TX power will default to the maximum available power. The provisional Tx power range of the module is 10dB.","[""OVERVIEW"", ""TECHNICAL DATA"", ""GENERIC"", ""OPTICAL SPECIFICATION – NTWK/MEDIA CODES"", ""ELECTICAL CHARACTERISTICS"", ""ORDERING INFORMATION""]",800ZR 800G DP-16QAM,28.0,"[""800GAUI-8"", ""400GAUI-4"", ""200GAUI-2"", ""100GAUI-1""]",800ZR Power class A,0x6E,,800.0,,,[-2.0],,-18.5,26.4,,1.0,3000.0,,[191.25],[196.1],118.2,,800ZR,,,,,,,,DP-16QAM,,
20260915_124027,Smartoptics,"[""TD8005-TUNC-SO""]","[""QSFP-DD""]","[""OIF 800ZR MSA"", ""OpenROADM MSA"", ""CMIS5.3"", ""OSFP800 MSA""]","[""DWDM""]",150.0,"[""LC""]","[""SM""]",15.0,75.0,FlexO-6(e),,[37.0],,,,"The module transmit power can be provisioned up to the maximum available TX power. If the TX power is not provisioned by the host, the module TX power will default to the maximum available power. The provisional Tx power range of the module is 10dB.","[""OVERVIEW"", ""TECHNICAL DATA"", ""GENERIC"", ""OPTICAL SPECIFICATION – NTWK/MEDIA CODES"", ""ELECTICAL CHARACTERISTICS"", ""ORDERING INFORMATION""]",FlexO-6e 600G PCS-118 (0x6A),28.0,"[""200GAUI-2"", ""100GAUI-1""]",FLEXO-6e-DPO-16QAM / FOIC6e-DPO,0x6A,,600.0,,,[-2.0],,-23.5,22.8,,1.0,29000.0,,[191.25],[196.1],118.7,,OpenROADM,,,,,,,,PCS-118,,
20260915_124027,Smartoptics,"[""TD8005-TUNC-SO""]","[""QSFP-DD""]","[""OIF 800ZR MSA"", ""OpenROADM MSA"", ""CMIS5.3"", ""OSFP800 MSA""]","[""DWDM""]",150.0,"[""LC""]","[""SM""]",15.0,75.0,FlexO-6(e),,[37.0],,,,"The module transmit power can be provisioned up to the maximum available TX power. If the TX power is not provisioned by the host, the module TX power will default to the maximum available power. The provisional Tx power range of the module is 10dB.","[""OVERVIEW"", ""TECHNICAL DATA"", ""GENERIC"", ""OPTICAL SPECIFICATION – NTWK/MEDIA CODES"", ""ELECTICAL CHARACTERISTICS"", ""ORDERING INFORMATION""]",FlexO-6e 600G PCS-118 (0xF2),28.0,"[""200GAUI-2"", ""100GAUI-1""]",600G-PCS-118,0xF2,,600.0,,,[-2.0],,-23.5,21.6,,1.0,29000.0,,[191.25],[196.1],118.5,,CMIS5.3,,,,,,,,PCS-118,,
20260915_124027,Smartoptics,"[""TD8005-TUNC-SO""]","[""QSFP-DD""]","[""OIF 800ZR MSA"", ""OpenROADM MSA"", ""CMIS5.3"", ""OSFP800 MSA""]","[""DWDM""]",150.0,"[""LC""]","[""SM""]",15.0,75.0,FlexO-4(e),,[37.0],,,,"The module transmit power can be provisioned up to the maximum available TX power. If the TX power is not provisioned by the host, the module TX power will default to the maximum available power. The provisional Tx power range of the module is 10dB.","[""OVERVIEW"", ""TECHNICAL DATA"", ""GENERIC"", ""OPTICAL SPECIFICATION – NTWK/MEDIA CODES"", ""ELECTICAL CHARACTERISTICS"", ""ORDERING INFORMATION""]",FlexO-4e 400G DP-QPSK,25.0,"[""400GAUI-8"", ""400GAUI-4"", ""200GAUI-4"", ""200GAUI-2"", ""100GAUI-2"", ""100GAUI-1""]",FLEXO-4e-DO-QPSK / FOIC4e.4-DO,0x64,,400.0,,,[-2.0],,-27.0,17.9,,1.0,58000.0,,[191.25],[196.1],118.2,,OpenROADM,,,,,,,,DP-QPSK,,
20260915_124027,Smartoptics,"[""TD8005-TUNC-SO""]","[""QSFP-DD""]","[""OIF 800ZR MSA"", ""OpenROADM MSA"", ""CMIS5.3"", ""OSFP800 MSA""]","[""DWDM""]",75.0,"[""LC""]","[""SM""]",15.0,75.0,OpenZR400,,[37.0],,,,"The module transmit power can be provisioned up to the maximum available TX power. If the TX power is not provisioned by the host, the module TX power will default to the maximum available power. The provisional Tx power range of the module is 10dB.","[""OVERVIEW"", ""TECHNICAL DATA"", ""GENERIC"", ""OPTICAL SPECIFICATION – NTWK/MEDIA CODES"", ""ELECTICAL CHARACTERISTICS"", ""ORDERING INFORMATION""]",OpenZR400 400G DP-16QAM,22.5,"[""400GAUI-8"", ""400GAUI-4"", ""200GAUI-4"", ""200GAUI-2"", ""100GAUI-2"", ""100GAUI-1""]",ZR400-OFEC-16QAM-HB,0x36,,400.0,,,[-2.0],,-22.5,23.1,,1.0,23000.0,,[191.25],[196.1],60.1,,OpenZR+,,,,,,,,DP-16QAM,,
